Workbook

Sheet Data
A1: 5.1 | B1: 3.5 | C1: 1.4 | D1: 0.2 | E1: Iris-setosa
A2: 4.9 | B2: 3 | C2: 1.4 | D2: 0.2 | E2: Iris-setosa
A3: 4.7 | B3: 3.2 | C3: 1.3 | D3: 0.2 | E3: Iris-setosa
A4: 4.6 | B4: 3.1 | C4: 1.5 | D4: 0.2 | E4: Iris-setosa
A5: 5 | B5: 3.6 | C5: 1.4 | D5: 0.2 | E5: Iris-setosa
A6: 5.4 | B6: 3.9 | C6: 1.7 | D6: 0.4 | E6: Iris-setosa
A7: 4.6 | B7: 3.4 | C7: 1.4 | D7: 0.3 | E7: Iris-setosa
A8: 5 | B8: 3.4 | C8: 1.5 | D8: 0.2 | E8: Iris-setosa
A9: 4.4 | B9: 2.9 | C9: 1.4 | D9: 0.2 | E9: Iris-setosa
A10: 4.9 | B10: 3.1 | C10: 1.5 | D10: 0.1 | E10: Iris-setosa
A11: 5.4 | B11: 3.7 | C11: 1.5 | D11: 0.2 | E11: Iris-setosa
A12: 4.8 | B12: 3.4 | C12: 1.6 | D12: 0.2 | E12: Iris-setosa
... A100: 5.7 | B100: 2.8 | C100: 4.1 | D100: 1.3 | E100: Iris-versicolor

Sheet SLP-Training
G2: Setosa = 0 | I2: Learning Rate | K2: 0.1
G3: Versicolor = 1 | H3: Accuracy | I3: Bobot bias | N3: dot product | O3: Sigmoid | P3: Prediksi | Q3: error | R3: Sum Square Error | S3: MSE (avg) | Z3: Epoch | AA3: MSE (Train) | AB3: Accuracy (Train)
A4: EPOCH | B4: No | C4: X1 | D4: X2 | E4: X3 | F4: X4 | G4: TARGET | I4: bias | J4: teta1 | K4: teta2 | L4: teta 3 | M4: teta4 | N4: z | O4: g(z) | T4: dbias | U4: dteta1 | V4: dteta2 | W4: dteta3 | X4: dteta4 | Z4: 1 | AA4: =S84 -> 0.1299649 | AB4: =H84 -> 0.85
A5: epoch1 | B5: 1 | C5: 5.1 | D5: 3.5 | E5: 1.4 | F5: 0.2 | G5: 0 | I5: 0.5 | J5: 0.5 | K5: 0.5 | L5: 0.5 | M5: 0.5 | N5: =I5+J5*C5+K5*D5+L5*E5+F5*M5 -> 5.6 | O5: =1/(1+EXP(-N5)) -> 0.99631576 | P5: =IF(O5>0.5,1,0) -> 1 | Q5: =O5-G5 -> 0.99631576 | R5: =Q5^2 -> 0.99264509 | T5: =2*(O5-G5)*(1-O5)*O5 -> 0.0073142853 | U5: =2*(O5-G5)*(1-O5)*O5*C5 -> 0.037302855 | V5: =2*(O5-G5)*(1-O5)*O5*D5 -> 0.025599999 | W5: =2*(O5-G5)*(1-O5)*O5*E5 -> 0.010239999 | X5: =2*(O5-G5)*(1-O5)*O5*F5 -> 0.0014628571 | Z5: 2 | AA5: =S164 -> 0.034548306 | AB5: =H164 -> 0.95
B6: 2 | C6: 4.9 | D6: 3 | E6: 1.4 | F6: 0.2 | G6: 0 | I6: =I5-K2*T5 -> 0.49926857 | J6: =J5-K2*U5 -> 0.49626971 | K6: =K5-K2*V5 -> 0.49744 | L6: =L5-K2*W5 -> 0.498976 | M6: =M5-K2*X5 -> 0.49985371 | N6: =I6+J6*C6+K6*D6+L6*E6+F6*M6 -> 5.2218473 | O6: =1/(1+EXP(-N6)) -> 0.99463163 | P6: =IF(O6>0.5,1,0) -> 1 | Q6: =O6-G6 -> 0.99463163 | R6: =Q6^2 -> 0.98929207 | T6: =2*(O6-G6)*(1-O6)*O6 -> 0.01062178 | U6: =2*(O6-G6)*(1-O6)*O6*C6 -> 0.052046723 | V6: =2*(O6-G6)*(1-O6)*O6*D6 -> 0.031865341 | W6: =2*(O6-G6)*(1-O6)*O6*E6 -> 0.014870492 | X6: =2*(O6-G6)*(1-O6)*O6*F6 -> 0.0021243561 | Z6: 3 | AA6: =S244 -> 0.022989957 | AB6: =H244 -> 0.975
B7: 3 | C7: 4.7 | D7: 3.2 | E7: 1.3 | F7: 0.2 | G7: 0 | I7: =I6-K2*T6 -> 0.49820639 | J7: =J6-K2*U6 -> 0.49106504 | K7: =K6-K2*V6 -> 0.49425347 | L7: =L6-K2*W6 -> 0.49748895 | M7: =M6-K2*X6 -> 0.49964128 | N7: =I7+J7*C7+K7*D7+L7*E7+F7*M7 -> 5.1344871 | O7: =1/(1+EXP(-N7)) -> 0.99414442 | P7: =IF(O7>0.5,1,0) -> 1 | Q7: =O7-G7 -> 0.99414442 | R7: =Q7^2 -> 0.98832312 | T7: =2*(O7-G7)*(1-O7)*O7 -> 0.011574414 | U7: =2*(O7-G7)*(1-O7)*O7*C7 -> 0.054399748 | V7: =2*(O7-G7)*(1-O7)*O7*D7 -> 0.037038126 | W7: =2*(O7-G7)*(1-O7)*O7*E7 -> 0.015046739 | X7: =2*(O7-G7)*(1-O7)*O7*F7 -> 0.0023148829 | Z7: 4 | AA7: =S324 -> 0.016535227 | AB7: =H324 -> 0.975
B8: 4 | C8: 4.6 | D8: 3.1 | E8: 1.5 | F8: 0.2 | G8: 0 | I8: =I7-K2*T7 -> 0.49704895 | J8: =J7-K2*U7 -> 0.48562507 | K8: =K7-K2*V7 -> 0.49054965 | L8: =L7-K2*W7 -> 0.49598428 | M8: =M7-K2*X7 -> 0.49940979 | N8: =I8+J8*C8+K8*D8+L8*E8+F8*M8 -> 5.0954866 | O8: =1/(1+EXP(-N8)) -> 0.99391295 | P8: =IF(O8>0.5,1,0) -> 1 | Q8: =O8-G8 -> 0.99391295 | R8: =Q8^2 -> 0.98786296 | T8: =2*(O8-G8)*(1-O8)*O8 -> 0.012026336 | U8: 5 | V8: =2*(O8-G8)*(1-O8)*O8*D8 -> 0.037281643 | W8: =2*(O8-G8)*(1-O8)*O8*E8 -> 0.018039505 | X8: =2*(O8-G8)*(1-O8)*O8*F8 -> 0.0024052673 | Z8: 5 | AA8: =S404 -> 0.012222388 | AB8: =H404 -> 0.9875
B9: 5 | C9: 5 | D9: 3.6 | E9: 1.4 | F9: 0.2 | G9: 0 | I9: =I8-K2*T8 -> 0.49584632 | J9: =J8-K2*U8 -> -0.014374933 | K9: =K8-K2*V8 -> 0.48682149 | L9: =L8-K2*W8 -> 0.49418033 | M9: =M8-K2*X8 -> 0.49916926 | N9: =I9+J9*C9+K9*D9+L9*E9+F9*M9 -> 2.9682153 | O9: =1/(1+EXP(-N9)) -> 0.95111737 | P9: =IF(O9>0.5,1,0) -> 1 | Q9: =O9-G9 -> 0.95111737 | R9: =Q9^2 -> 0.90462425 | T9: =2*(O9-G9)*(1-O9)*O9 -> 0.088440827 | U9: =2*(O9-G9)*(1-O9)*O9*C9 -> 0.44220414 | V9: =2*(O9-G9)*(1-O9)*O9*D9 -> 0.31838698 | W9: =2*(O9-G9)*(1-O9)*O9*E9 -> 0.12381716 | X9: =2*(O9-G9)*(1-O9)*O9*F9 -> 0.017688165
B10: 6 | C10: 5.4 | D10: 3.9 | E10: 1.7 | F10: 0.4 | G10: 0 | I10: =I9-K2*T9 -> 0.48700224 | J10: =J9-K2*U9 -> -0.058595346 | K10: =K9-K2*V9 -> 0.45498279 | L10: =L9-K2*W9 -> 0.48179861 | M10: =M9-K2*X9 -> 0.49740045 | N10: =I10+J10*C10+K10*D10+L10*E10+F10*M10 -> 2.9630381 | O10: =1/(1+EXP(-N10)) -> 0.9508761 | P10: =IF(O10>0.5,1,0) -> 1 | Q10: =O10-G10 -> 0.9508761 | R10: =Q10^2 -> 0.90416536 | T10: =2*(O10-G10)*(1-O10)*O10 -> 0.088832259 | U10: =2*(O10-G10)*(1-O10)*O10*C10 -> 0.4796942 | V10: =2*(O10-G10)*(1-O10)*O10*D10 -> 0.34644581 | W10: =2*(O10-G10)*(1-O10)*O10*E10 -> 0.15101484 | X10: =2*(O10-G10)*(1-O10)*O10*F10 -> 0.035532904
B11: 7 | C11: 4.6 | D11: 3.4 | E11: 1.4 | F11: 0.3 | G11: 0 | I11: =I10-K2*T10 -> 0.47811901 | J11: =J10-K2*U10 -> -0.10656477 | K11: =K10-K2*V10 -> 0.42033821 | L11: =L10-K2*W10 -> 0.46669713 | M11: =M10-K2*X10 -> 0.49384716 | N11: =I11+J11*C11+K11*D11+L11*E11+F11*M11 -> 2.2186011 | O11: =1/(1+EXP(-N11)) -> 0.90190751 | P11: =IF(O11>0.5,1,0) -> 1 | Q11: =O11-G11 -> 0.90190751 | R11: =Q11^2 -> 0.81343715 | T11: =2*(O11-G11)*(1-O11)*O11 -> 0.15958416 | U11: =2*(O11-G11)*(1-O11)*O11*C11 -> 0.73408712 | V11: =2*(O11-G11)*(1-O11)*O11*D11 -> 0.54258613 | W11: =2*(O11-G11)*(1-O11)*O11*E11 -> 0.22341782 | X11: =2*(O11-G11)*(1-O11)*O11*F11 -> 0.047875247
B12: 8 | C12: 5 | D12: 3.4 | E12: 1.5 | F12: 0.2 | G12: 0 | I12: =I11-K2*T11 -> 0.46216059 | J12: =J11-K2*U11 -> -0.17997348 | K12: =K11-K2*V11 -> 0.3660796 | L12: =L11-K2*W11 -> 0.44435534 | M12: =M11-K2*X11 -> 0.48905963 | N12: =I12+J12*C12+K12*D12+L12*E12+F12*M12 -> 1.5713088 | O12: =1/(1+EXP(-N12)) -> 0.8279701 | P12: =IF(O12>0.5,1,0) -> 1 | Q12: =O12-G12 -> 0.8279701 | R12: =Q12^2 -> 0.68553449 | T12: =2*(O12-G12)*(1-O12)*O12 -> 0.23586485 | U12: =2*(O12-G12)*(1-O12)*O12*C12 -> 1.1793243 | V12: =2*(O12-G12)*(1-O12)*O12*D12 -> 0.80194051 | W12: =2*(O12-G12)*(1-O12)*O12*E12 -> 0.35379728 | X12: =2*(O12-G12)*(1-O12)*O12*F12 -> 0.047172971
B13: 9 | C13: 4.4 | D13: 2.9 | E13: 1.4 | F13: 0.2 | G13: 0 | I13: =I12-K2*T12 -> 0.43857411 | J13: =J12-K2*U12 -> -0.29790591 | K13: =K12-K2*V12 -> 0.28588555 | L13: =L12-K2*W12 -> 0.40897562 | M13: =M12-K2*X12 -> 0.48434233 | N13: =I13+J13*C13+K13*D13+L13*E13+F13*M13 -> 0.62629054 | O13: =1/(1+EXP(-N13)) -> 0.65164788 | P13: =IF(O13>0.5,1,0) -> 1 | Q13: =O13-G13 -> 0.65164788 | R13: =Q13^2 -> 0.42464496 | T13: =2*(O13-G13)*(1-O13)*O13 -> 0.29585194 | U13: =2*(O13-G13)*(1-O13)*O13*C13 -> 1.3017486 | V13: =2*(O13-G13)*(1-O13)*O13*D13 -> 0.85797064 | W13: =2*(O13-G13)*(1-O13)*O13*E13 -> 0.41419272 | X13: =2*(O13-G13)*(1-O13)*O13*F13 -> 0.059170389
B14: 10 | C14: 4.9 | D14: 3.1 | E14: 1.5 | F14: 0.1 | G14: 0 | I14: =I13-K2*T13 -> 0.40898891 | J14: =J13-K2*U13 -> -0.42808076 | K14: =K13-K2*V13 -> 0.20008848 | L14: =L13-K2*W13 -> 0.36755634 | M14: =M13-K2*X13 -> 0.4784253 | N14: =I14+J14*C14+K14*D14+L14*E14+F14*M14 -> -0.46915547 | O14: =1/(1+EXP(-N14)) -> 0.38481615 | P14: =IF(O14>0.5,1,0) -> 0 | Q14: =O14-G14 -> 0.38481615 | R14: =Q14^2 -> 0.14808347 | T14: =2*(O14-G14)*(1-O14)*O14 -> 0.18219712 | U14: =2*(O14-G14)*(1-O14)*O14*C14 -> 0.89276588 | V14: =2*(O14-G14)*(1-O14)*O14*D14 -> 0.56481107 | W14: =2*(O14-G14)*(1-O14)*O14*E14 -> 0.27329568 | X14: =2*(O14-G14)*(1-O14)*O14*F14 -> 0.018219712
B15: 11 | C15: 5.4 | D15: 3.7 | E15: 1.5 | F15: 0.2 | G15: 0 | I15: =I14-K2*T14 -> 0.3907692 | J15: =J14-K2*U14 -> -0.51735735 | K15: =K14-K2*V14 -> 0.14360738 | L15: =L14-K2*W14 -> 0.34022678 | M15: =M14-K2*X14 -> 0.47660332 | N15: =I15+J15*C15+K15*D15+L15*E15+F15*M15 -> -1.2659524 | O15: =1/(1+EXP(-N15)) -> 0.21995093 | P15: =IF(O15>0.5,1,0) -> 0 | Q15: =O15-G15 -> 0.21995093 | R15: =Q15^2 -> 0.048378411 | T15: =2*(O15-G15)*(1-O15)*O15 -> 0.075475069 | U15: =2*(O15-G15)*(1-O15)*O15*C15 -> 0.40756537 | V15: =2*(O15-G15)*(1-O15)*O15*D15 -> 0.27925776 | W15: =2*(O15-G15)*(1-O15)*O15*E15 -> 0.1132126 | X15: =2*(O15-G15)*(1-O15)*O15*F15 -> 0.015095014
B16: 12 | C16: 4.8 | D16: 3.4 | E16: 1.6 | F16: 0.2 | G16: 0 | I16: =I15-K2*T15 -> 0.3832217 | J16: =J15-K2*U15 -> -0.55811389 | K16: =K15-K2*V15 -> 0.1156816 | L16: =L15-K2*W15 -> 0.32890552 | M16: =M15-K2*X15 -> 0.47509382 | N16: =I16+J16*C16+K16*D16+L16*E16+F16*M16 -> -1.2811399 | O16: =1/(1+EXP(-N16)) -> 0.21735625 | P16: =IF(O16>0.5,1,0) -> 0 | Q16: =O16-G16 -> 0.21735625 | R16: =Q16^2 -> 0.047243737 | T16: =2*(O16-G16)*(1-O16)*O16 -> 0.073950032 | U16: =2*(O16-G16)*(1-O16)*O16*C16 -> 0.35496015 | V16: =2*(O16-G16)*(1-O16)*O16*D16 -> 0.25143011 | W16: =2*(O16-G16)*(1-O16)*O16*E16 -> 0.11832005 | X16: =2*(O16-G16)*(1-O16)*O16*F16 -> 0.014790006
B17: 13 | C17: 4.8 | D17: 3 | E17: 1.4 | F17: 0.1 | G17: 0 | I17: =I16-K2*T16 -> 0.37582669 | J17: =J16-K2*U16 -> -0.5936099 | K17: =K16-K2*V16 -> 0.09053859 | L17: =L16-K2*W16 -> 0.31707351 | M17: =M16-K2*X16 -> 0.47361482 | N17: =I17+J17*C17+K17*D17+L17*E17+F17*M17 -> -1.7106207 | O17: =1/(1+EXP(-N17)) -> 0.15308323 | P17: =IF(O17>0.5,1,0) -> 0 | Q17: =O17-G17 -> 0.15308323 | R17: =Q17^2 -> 0.023434475 | T17: =2*(O17-G17)*(1-O17)*O17 -> 0.0396941 | U17: =2*(O17-G17)*(1-O17)*O17*C17 -> 0.19053168 | V17: =2*(O17-G17)*(1-O17)*O17*D17 -> 0.1190823 | W17: =2*(O17-G17)*(1-O17)*O17*E17 -> 0.05557174 | X17: =2*(O17-G17)*(1-O17)*O17*F17 -> 0.00396941
B18: 14 | C18: 4.3 | D18: 3 | E18: 1.1 | F18: 0.1 | G18: 0 | I18: =I17-K2*T17 -> 0.37185728 | J18: =J17-K2*U17 -> -0.61266307 | K18: =K17-K2*V17 -> 0.07863036 | L18: =L17-K2*W17 -> 0.31151634 | M18: =M17-K2*X17 -> 0.47321788 | N18: =I18+J18*C18+K18*D18+L18*E18+F18*M18 -> -1.6367131 | O18: =1/(1+EXP(-N18)) -> 0.16291281 | P18: =IF(O18>0.5,1,0) -> 0 | Q18: =O18-G18 -> 0.16291281 | R18: =Q18^2 -> 0.026540584 | T18: =2*(O18-G18)*(1-O18)*O18 -> 0.044433566 | U18: =2*(O18-G18)*(1-O18)*O18*C18 -> 0.19106433 | V18: =2*(O18-G18)*(1-O18)*O18*D18 -> 0.1333007 | W18: =2*(O18-G18)*(1-O18)*O18*E18 -> 0.048876922 | X18: =2*(O18-G18)*(1-O18)*O18*F18 -> 0.0044433566
B19: 15 | C19: 5.8 | D19: 4 | E19: 1.2 | F19: 0.2 | G19: 0 | I19: =I18-K2*T18 -> 0.36741393 | J19: =J18-K2*U18 -> -0.6317695 | K19: =K18-K2*V18 -> 0.06530029 | L19: =L18-K2*W18 -> 0.30662864 | M19: =M18-K2*X18 -> 0.47277355 | N19: =I19+J19*C19+K19*D19+L19*E19+F19*M19 -> -2.5731389 | O19: =1/(1+EXP(-N19)) -> 0.070887287 | P19: =IF(O19>0.5,1,0) -> 0 | Q19: =O19-G19 -> 0.070887287 | R19: =Q19^2 -> 0.0050250075 | T19: =2*(O19-G19)*(1-O19)*O19 -> 0.0093375967 | U19: =2*(O19-G19)*(1-O19)*O19*C19 -> 0.054158061 | V19: =2*(O19-G19)*(1-O19)*O19*D19 -> 0.037350387 | W19: =2*(O19-G19)*(1-O19)*O19*E19 -> 0.011205116 | X19: =2*(O19-G19)*(1-O19)*O19*F19 -> 0.0018675193
B20: 16 | C20: 5.7 | D20: 4.4 | E20: 1.5 | F20: 0.4 | G20: 0 | I20: =I19-K2*T19 -> 0.36648017 | J20: =J19-K2*U19 -> -0.63718531 | K20: =K19-K2*V19 -> 0.061565251 | L20: =L19-K2*W19 -> 0.30550813 | M20: =M19-K2*X19 -> 0.47258679 | N20: =I20+J20*C20+K20*D20+L20*E20+F20*M20 -> -2.3472921 | O20: =1/(1+EXP(-N20)) -> 0.087281254 | P20: =IF(O20>0.5,1,0) -> 0 | Q20: =O20-G20 -> 0.087281254 | R20: =Q20^2 -> 0.0076180173 | T20: =2*(O20-G20)*(1-O20)*O20 -> 0.013906214 | U20: =2*(O20-G20)*(1-O20)*O20*C20 -> 0.079265422 | V20: =2*(O20-G20)*(1-O20)*O20*D20 -> 0.061187343 | W20: =2*(O20-G20)*(1-O20)*O20*E20 -> 0.020859322 | X20: =2*(O20-G20)*(1-O20)*O20*F20 -> 0.0055624857
B21: 17 | C21: 5.4 | D21: 3.9 | E21: 1.3 | F21: 0.4 | G21: 0 | I21: =I20-K2*T20 -> 0.36508954 | J21: =J20-K2*U20 -> -0.64511185 | K21: =K20-K2*V20 -> 0.055446517 | L21: =L20-K2*W20 -> 0.3034222 | M21: =M20-K2*X20 -> 0.47203055 | N21: =I21+J21*C21+K21*D21+L21*E21+F21*M21 -> -2.319012 | O21: =1/(1+EXP(-N21)) -> 0.089560591 | P21: =IF(O21>0.5,1,0) -> 0 | Q21: =O21-G21 -> 0.089560591 | R21: =Q21^2 -> 0.0080210995 | T21: =2*(O21-G21)*(1-O21)*O21 -> 0.01460545 | U21: =2*(O21-G21)*(1-O21)*O21*C21 -> 0.078869431 | V21: =2*(O21-G21)*(1-O21)*O21*D21 -> 0.056961256 | W21: =2*(O21-G21)*(1-O21)*O21*E21 -> 0.018987085 | X21: =2*(O21-G21)*(1-O21)*O21*F21 -> 0.0058421801
B22: 18 | C22: 5.1 | D22: 3.5 | E22: 1.4 | F22: 0.3 | G22: 0 | I22: =I21-K2*T21 -> 0.363629 | J22: =J21-K2*U21 -> -0.65299879 | K22: =K21-K2*V21 -> 0.049750391 | L22: =L21-K2*W21 -> 0.30152349 | M22: =M21-K2*X21 -> 0.47144633 | N22: =I22+J22*C22+K22*D22+L22*E22+F22*M22 -> -2.2289717 | O22: =1/(1+EXP(-N22)) -> 0.097178822 | P22: =IF(O22>0.5,1,0) -> 0 | Q22: =O22-G22 -> 0.097178822 | R22: =Q22^2 -> 0.0094437235 | T22: =2*(O22-G22)*(1-O22)*O22 -> 0.017051987 | U22: =2*(O22-G22)*(1-O22)*O22*C22 -> 0.086965134 | V22: =2*(O22-G22)*(1-O22)*O22*D22 -> 0.059681955 | W22: =2*(O22-G22)*(1-O22)*O22*E22 -> 0.023872782 | X22: =2*(O22-G22)*(1-O22)*O22*F22 -> 0.0051155961
B23: 19 | C23: 5.7 | D23: 3.8 | E23: 1.7 | F23: 0.3 | G23: 0 | I23: =I22-K2*T22 -> 0.3619238 | J23: =J22-K2*U22 -> -0.66169531 | K23: =K22-K2*V22 -> 0.043782196 | L23: =L22-K2*W22 -> 0.29913621 | M23: =M22-K2*X22 -> 0.47093477 | N23: =I23+J23*C23+K23*D23+L23*E23+F23*M23 -> -2.5935551 | O23: =1/(1+EXP(-N23)) -> 0.069554356 | P23: =IF(O23>0.5,1,0) -> 0 | Q23: =O23-G23 -> 0.069554356 | R23: =Q23^2 -> 0.0048378084 | T23: =2*(O23-G23)*(1-O23)*O23 -> 0.0090026355 | U23: =2*(O23-G23)*(1-O23)*O23*C23 -> 0.051315023 | V23: =2*(O23-G23)*(1-O23)*O23*D23 -> 0.034210015 | W23: =2*(O23-G23)*(1-O23)*O23*E23 -> 0.01530448 | X23: =2*(O23-G23)*(1-O23)*O23*F23 -> 0.0027007907
B24: 20 | C24: 5.1 | D24: 3.8 | E24: 1.5 | F24: 0.3 | G24: 0 | I24: =I23-K2*T23 -> 0.36102354 | J24: =J23-K2*U23 -> -0.66682681 | K24: =K23-K2*V23 -> 0.040361194 | L24: =L23-K2*W23 -> 0.29760577 | M24: =M23-K2*X23 -> 0.47066469 | N24: =I24+J24*C24+K24*D24+L24*E24+F24*M24 -> -2.2988126 | O24: =1/(1+EXP(-N24)) -> 0.091221349 | P24: =IF(O24>0.5,1,0) -> 0 | Q24: =O24-G24 -> 0.091221349 | R24: =Q24^2 -> 0.0083213345 | T24: =2*(O24-G24)*(1-O24)*O24 -> 0.015124502 | U24: =2*(O24-G24)*(1-O24)*O24*C24 -> 0.077134962 | V24: =2*(O24-G24)*(1-O24)*O24*D24 -> 0.057473109 | W24: =2*(O24-G24)*(1-O24)*O24*E24 -> 0.022686753 | X24: =2*(O24-G24)*(1-O24)*O24*F24 -> 0.0045373507
B25: 21 | C25: 5.4 | D25: 3.4 | E25: 1.7 | F25: 0.2 | G25: 0 | I25: =I24-K2*T24 -> 0.35951109 | J25: =J24-K2*U24 -> -0.67454031 | K25: =K24-K2*V24 -> 0.034613883 | L25: =L24-K2*W24 -> 0.29533709 | M25: =M24-K2*X24 -> 0.47021095 | N25: =I25+J25*C25+K25*D25+L25*E25+F25*M25 -> -2.5692041 | O25: =1/(1+EXP(-N25)) -> 0.071146882 | P25: =IF(O25>0.5,1,0) -> 0 | Q25: =O25-G25 -> 0.071146882 | R25: =Q25^2 -> 0.0050618788 | T25: =2*(O25-G25)*(1-O25)*O25 -> 0.0094034839 | U25: =2*(O25-G25)*(1-O25)*O25*C25 -> 0.050778813 | V25: =2*(O25-G25)*(1-O25)*O25*D25 -> 0.031971845 | W25: =2*(O25-G25)*(1-O25)*O25*E25 -> 0.015985923 | X25: =2*(O25-G25)*(1-O25)*O25*F25 -> 0.0018806968
B26: 22 | C26: 5.1 | D26: 3.7 | E26: 1.5 | F26: 0.4 | G26: 0 | I26: =I25-K2*T25 -> 0.35857074 | J26: =J25-K2*U25 -> -0.67961819 | K26: =K25-K2*V25 -> 0.031416699 | L26: =L25-K2*W25 -> 0.2937385 | M26: =M25-K2*X25 -> 0.47002288 | N26: =I26+J26*C26+K26*D26+L26*E26+F26*M26 -> -2.3626233 | O26: =1/(1+EXP(-N26)) -> 0.086067619 | P26: =IF(O26>0.5,1,0) -> 0 | Q26: =O26-G26 -> 0.086067619 | R26: =Q26^2 -> 0.0074076351 | T26: =2*(O26-G26)*(1-O26)*O26 -> 0.013540155 | U26: =2*(O26-G26)*(1-O26)*O26*C26 -> 0.069054791 | V26: =2*(O26-G26)*(1-O26)*O26*D26 -> 0.050098574 | W26: =2*(O26-G26)*(1-O26)*O26*E26 -> 0.020310233 | X26: =2*(O26-G26)*(1-O26)*O26*F26 -> 0.0054160621
B27: 23 | C27: 4.6 | D27: 3.6 | E27: 1 | F27: 0.2 | G27: 0 | I27: =I26-K2*T26 -> 0.35721672 | J27: =J26-K2*U26 -> -0.68652367 | K27: =K26-K2*V26 -> 0.026406842 | L27: =L26-K2*W26 -> 0.29170748 | M27: =M26-K2*X26 -> 0.46948128 | N27: =I27+J27*C27+K27*D27+L27*E27+F27*M27 -> -2.3201238 | O27: =1/(1+EXP(-N27)) -> 0.089469975 | P27: =IF(O27>0.5,1,0) -> 0 | Q27: =O27-G27 -> 0.089469975 | R27: =Q27^2 -> 0.0080048764 | T27: =2*(O27-G27)*(1-O27)*O27 -> 0.014577361 | U27: =2*(O27-G27)*(1-O27)*O27*C27 -> 0.067055859 | V27: =2*(O27-G27)*(1-O27)*O27*D27 -> 0.052478498 | W27: =2*(O27-G27)*(1-O27)*O27*E27 -> 0.014577361 | X27: =2*(O27-G27)*(1-O27)*O27*F27 -> 0.0029154721
B28: 24 | C28: 5.1 | D28: 3.3 | E28: 1.7 | F28: 0.5 | G28: 0 | I28: =I27-K2*T27 -> 0.35575899 | J28: =J27-K2*U27 -> -0.69322925 | K28: =K27-K2*V27 -> 0.021158992 | L28: =L27-K2*W27 -> 0.29024974 | M28: =M27-K2*X27 -> 0.46918973 | N28: =I28+J28*C28+K28*D28+L28*E28+F28*M28 -> -2.3818661 | O28: =1/(1+EXP(-N28)) -> 0.08456599 | P28: =IF(O28>0.5,1,0) -> 0 | Q28: =O28-G28 -> 0.08456599 | R28: =Q28^2 -> 0.0071514067 | T28: =2*(O28-G28)*(1-O28)*O28 -> 0.013093282 | U28: =2*(O28-G28)*(1-O28)*O28*C28 -> 0.066775737 | V28: =2*(O28-G28)*(1-O28)*O28*D28 -> 0.04320783 | W28: =2*(O28-G28)*(1-O28)*O28*E28 -> 0.022258579 | X28: =2*(O28-G28)*(1-O28)*O28*F28 -> 0.0065466409
B29: 25 | C29: 4.8 | D29: 3.4 | E29: 1.9 | F29: 0.2 | G29: 0 | I29: =I28-K2*T28 -> 0.35444966 | J29: =J28-K2*U28 -> -0.69990683 | K29: =K28-K2*V28 -> 0.016838209 | L29: =L28-K2*W28 -> 0.28802388 | M29: =M28-K2*X28 -> 0.46853507 | N29: =I29+J29*C29+K29*D29+L29*E29+F29*M29 -> -2.3069008 | O29: =1/(1+EXP(-N29)) -> 0.090553049 | P29: =IF(O29>0.5,1,0) -> 0 | Q29: =O29-G29 -> 0.090553049 | R29: =Q29^2 -> 0.0081998548 | T29: =2*(O29-G29)*(1-O29)*O29 -> 0.014914666 | U29: =2*(O29-G29)*(1-O29)*O29*C29 -> 0.071590396 | V29: =2*(O29-G29)*(1-O29)*O29*D29 -> 0.050709864 | W29: =2*(O29-G29)*(1-O29)*O29*E29 -> 0.028337865 | X29: =2*(O29-G29)*(1-O29)*O29*F29 -> 0.0029829332
B30: 26 | C30: 5 | D30: 3 | E30: 1.6 | F30: 0.2 | G30: 0 | I30: =I29-K2*T29 -> 0.35295819 | J30: =J29-K2*U29 -> -0.70706587 | K30: =K29-K2*V29 -> 0.011767222 | L30: =L29-K2*W29 -> 0.2851901 | M30: =M29-K2*X29 -> 0.46823677 | N30: =I30+J30*C30+K30*D30+L30*E30+F30*M30 -> -2.597118 | O30: =1/(1+EXP(-N30)) -> 0.069324134 | P30: =IF(O30>0.5,1,0) -> 0 | Q30: =O30-G30 -> 0.069324134 | R30: =Q30^2 -> 0.0048058355 | T30: =2*(O30-G30)*(1-O30)*O30 -> 0.0089453503 | U30: =2*(O30-G30)*(1-O30)*O30*C30 -> 0.044726752 | V30: =2*(O30-G30)*(1-O30)*O30*D30 -> 0.026836051 | W30: =2*(O30-G30)*(1-O30)*O30*E30 -> 0.01431256 | X30: =2*(O30-G30)*(1-O30)*O30*F30 -> 0.0017890701
B31: 27 | C31: 5 | D31: 3.4 | E31: 1.6 | F31: 0.4 | G31: 0 | I31: =I30-K2*T30 -> 0.35206366 | J31: =J30-K2*U30 -> -0.71153854 | K31: =K30-K2*V30 -> 0.0090836172 | L31: =L30-K2*W30 -> 0.28375884 | M31: =M30-K2*X30 -> 0.46805787 | N31: =I31+J31*C31+K31*D31+L31*E31+F31*M31 -> -2.5335075 | O31: =1/(1+EXP(-N31)) -> 0.073542312 | P31: =IF(O31>0.5,1,0) -> 0 | Q31: =O31-G31 -> 0.073542312 | R31: =Q31^2 -> 0.0054084717 | T31: =2*(O31-G31)*(1-O31)*O31 -> 0.01002144 | U31: =2*(O31-G31)*(1-O31)*O31*C31 -> 0.050107202 | V31: =2*(O31-G31)*(1-O31)*O31*D31 -> 0.034072897 | W31: =2*(O31-G31)*(1-O31)*O31*E31 -> 0.016034305 | X31: =2*(O31-G31)*(1-O31)*O31*F31 -> 0.0040085761
B32: 28 | C32: 5.2 | D32: 3.5 | E32: 1.5 | F32: 0.2 | G32: 0 | I32: =I31-K2*T31 -> 0.35106151 | J32: =J31-K2*U31 -> -0.71654926 | K32: =K31-K2*V31 -> 0.0056763275 | L32: =L31-K2*W31 -> 0.28215541 | M32: =M31-K2*X31 -> 0.46765701 | N32: =I32+J32*C32+K32*D32+L32*E32+F32*M32 -> -2.838363 | O32: =1/(1+EXP(-N32)) -> 0.055285976 | P32: =IF(O32>0.5,1,0) -> 0 | Q32: =O32-G32 -> 0.055285976 | R32: =Q32^2 -> 0.0030565391 | T32: =2*(O32-G32)*(1-O32)*O32 -> 0.0057751108 | U32: =2*(O32-G32)*(1-O32)*O32*C32 -> 0.030030576 | V32: =2*(O32-G32)*(1-O32)*O32*D32 -> 0.020212888 | W32: =2*(O32-G32)*(1-O32)*O32*E32 -> 0.0086626662 | X32: =2*(O32-G32)*(1-O32)*O32*F32 -> 0.0011550222
B33: 29 | C33: 5.2 | D33: 3.4 | E33: 1.4 | F33: 0.2 | G33: 0 | I33: =I32-K2*T32 -> 0.350484 | J33: =J32-K2*U32 -> -0.71955232 | K33: =K32-K2*V32 -> 0.0036550387 | L33: =L32-K2*W32 -> 0.28128914 | M33: =M32-K2*X32 -> 0.46754151 | N33: =I33+J33*C33+K33*D33+L33*E33+F33*M33 -> -2.8914478 | O33: =1/(1+EXP(-N33)) -> 0.052577951 | P33: =IF(O33>0.5,1,0) -> 0 | Q33: =O33-G33 -> 0.052577951 | R33: =Q33^2 -> 0.0027644409 | T33: =2*(O33-G33)*(1-O33)*O33 -> 0.0052381845 | U33: =2*(O33-G33)*(1-O33)*O33*C33 -> 0.027238559 | V33: =2*(O33-G33)*(1-O33)*O33*D33 -> 0.017809827 | W33: =2*(O33-G33)*(1-O33)*O33*E33 -> 0.0073334583 | X33: =2*(O33-G33)*(1-O33)*O33*F33 -> 0.0010476369
B34: 30 | C34: 4.7 | D34: 3.2 | E34: 1.6 | F34: 0.2 | G34: 0 | I34: =I33-K2*T33 -> 0.34996018 | J34: =J33-K2*U33 -> -0.72227617 | K34: =K33-K2*V33 -> 0.001874056 | L34: =L33-K2*W33 -> 0.2805558 | M34: =M33-K2*X33 -> 0.46743674 | N34: =I34+J34*C34+K34*D34+L34*E34+F34*M34 -> -2.4963642 | O34: =1/(1+EXP(-N34)) -> 0.076113454 | P34: =IF(O34>0.5,1,0) -> 0 | Q34: =O34-G34 -> 0.076113454 | R34: =Q34^2 -> 0.0057932579 | T34: =2*(O34-G34)*(1-O34)*O34 -> 0.010704626 | U34: =2*(O34-G34)*(1-O34)*O34*C34 -> 0.050311742 | V34: =2*(O34-G34)*(1-O34)*O34*D34 -> 0.034254803 | W34: =2*(O34-G34)*(1-O34)*O34*E34 -> 0.017127402 | X34: =2*(O34-G34)*(1-O34)*O34*F34 -> 0.0021409252
B35: 31 | C35: 4.8 | D35: 3.1 | E35: 1.6 | F35: 0.2 | G35: 0 | I35: =I34-K2*T34 -> 0.34888972 | J35: =J34-K2*U34 -> -0.72730735 | K35: =K34-K2*V34 -> -0.0015514243 | L35: =L34-K2*W34 -> 0.27884306 | M35: =M34-K2*X34 -> 0.46722265 | N35: =I35+J35*C35+K35*D35+L35*E35+F35*M35 -> -2.6074015 | O35: =1/(1+EXP(-N35)) -> 0.068663586 | P35: =IF(O35>0.5,1,0) -> 0 | Q35: =O35-G35 -> 0.068663586 | R35: =Q35^2 -> 0.004714688 | T35: =2*(O35-G35)*(1-O35)*O35 -> 0.0087819212 | U35: =2*(O35-G35)*(1-O35)*O35*C35 -> 0.042153222 | V35: =2*(O35-G35)*(1-O35)*O35*D35 -> 0.027223956 | W35: =2*(O35-G35)*(1-O35)*O35*E35 -> 0.014051074 | X35: =2*(O35-G35)*(1-O35)*O35*F35 -> 0.0017563842
B36: 32 | C36: 5.4 | D36: 3.4 | E36: 1.5 | F36: 0.4 | G36: 0 | I36: =I35-K2*T35 -> 0.34801153 | J36: =J35-K2*U35 -> -0.73152267 | K36: =K35-K2*V35 -> -0.0042738199 | L36: =L35-K2*W35 -> 0.27743795 | M36: =M35-K2*X35 -> 0.46704701 | N36: =I36+J36*C36+K36*D36+L36*E36+F36*M36 -> -3.0137662 | O36: =1/(1+EXP(-N36)) -> 0.046807825 | P36: =IF(O36>0.5,1,0) -> 0 | Q36: =O36-G36 -> 0.046807825 | R36: =Q36^2 -> 0.0021909724 | T36: =2*(O36-G36)*(1-O36)*O36 -> 0.0041768356 | U36: =2*(O36-G36)*(1-O36)*O36*C36 -> 0.022554912 | V36: =2*(O36-G36)*(1-O36)*O36*D36 -> 0.014201241 | W36: =2*(O36-G36)*(1-O36)*O36*E36 -> 0.0062652534 | X36: =2*(O36-G36)*(1-O36)*O36*F36 -> 0.0016707342
B37: 33 | C37: 5.2 | D37: 4.1 | E37: 1.5 | F37: 0.1 | G37: 0 | I37: =I36-K2*T36 -> 0.34759385 | J37: =J36-K2*U36 -> -0.73377816 | K37: =K36-K2*V36 -> -0.005693944 | L37: =L36-K2*W36 -> 0.27681142 | M37: =M36-K2*X36 -> 0.46687994 | N37: =I37+J37*C37+K37*D37+L37*E37+F37*M37 -> -3.0294926 | O37: =1/(1+EXP(-N37)) -> 0.046111138 | P37: =IF(O37>0.5,1,0) -> 0 | Q37: =O37-G37 -> 0.046111138 | R37: =Q37^2 -> 0.0021262371 | T37: =2*(O37-G37)*(1-O37)*O37 -> 0.0040563877 | U37: =2*(O37-G37)*(1-O37)*O37*C37 -> 0.021093216 | V37: =2*(O37-G37)*(1-O37)*O37*D37 -> 0.01663119 | W37: =2*(O37-G37)*(1-O37)*O37*E37 -> 0.0060845815 | X37: =2*(O37-G37)*(1-O37)*O37*F37 -> 0.00040563877
B38: 34 | C38: 5.5 | D38: 4.2 | E38: 1.4 | F38: 0.2 | G38: 0 | I38: =I37-K2*T37 -> 0.34718821 | J38: =J37-K2*U37 -> -0.73588748 | K38: =K37-K2*V37 -> -0.007357063 | L38: =L37-K2*W37 -> 0.27620296 | M38: =M37-K2*X37 -> 0.46683937 | N38: =I38+J38*C38+K38*D38+L38*E38+F38*M38 -> -3.2510406 | O38: =1/(1+EXP(-N38)) -> 0.037289513 | P38: =IF(O38>0.5,1,0) -> 0 | Q38: =O38-G38 -> 0.037289513 | R38: =Q38^2 -> 0.0013905078 | T38: =2*(O38-G38)*(1-O38)*O38 -> 0.0026773129 | U38: =2*(O38-G38)*(1-O38)*O38*C38 -> 0.014725221 | V38: =2*(O38-G38)*(1-O38)*O38*D38 -> 0.011244714 | W38: =2*(O38-G38)*(1-O38)*O38*E38 -> 0.003748238 | X38: =2*(O38-G38)*(1-O38)*O38*F38 -> 0.00053546257
B39: 35 | C39: 4.9 | D39: 3.1 | E39: 1.5 | F39: 0.1 | G39: 0 | I39: =I38-K2*T38 -> 0.34692048 | J39: =J38-K2*U38 -> -0.73736001 | K39: =K38-K2*V38 -> -0.0084815344 | L39: =L38-K2*W38 -> 0.27582814 | M39: =M38-K2*X38 -> 0.46678583 | N39: =I39+J39*C39+K39*D39+L39*E39+F39*M39 -> -2.8320155 | O39: =1/(1+EXP(-N39)) -> 0.055618438 | P39: =IF(O39>0.5,1,0) -> 0 | Q39: =O39-G39 -> 0.055618438 | R39: =Q39^2 -> 0.0030934107 | T39: =2*(O39-G39)*(1-O39)*O39 -> 0.00584272 | U39: =2*(O39-G39)*(1-O39)*O39*C39 -> 0.028629328 | V39: =2*(O39-G39)*(1-O39)*O39*D39 -> 0.018112432 | W39: =2*(O39-G39)*(1-O39)*O39*E39 -> 0.00876408 | X39: =2*(O39-G39)*(1-O39)*O39*F39 -> 0.000584272
B40: 36 | C40: 5 | D40: 3.2 | E40: 1.2 | F40: 0.2 | G40: 0 | I40: =I39-K2*T39 -> 0.3463362 | J40: =J39-K2*U39 -> -0.74022294 | K40: =K39-K2*V39 -> -0.010292778 | L40: =L39-K2*W39 -> 0.27495173 | M40: =M39-K2*X39 -> 0.4667274 | N40: =I40+J40*C40+K40*D40+L40*E40+F40*M40 -> -2.9644278 | O40: =1/(1+EXP(-N40)) -> 0.049059026 | P40: =IF(O40>0.5,1,0) -> 0 | Q40: =O40-G40 -> 0.049059026 | R40: =Q40^2 -> 0.002406788 | T40: =2*(O40-G40)*(1-O40)*O40 -> 0.0045774266 | U40: =2*(O40-G40)*(1-O40)*O40*C40 -> 0.022887133 | V40: =2*(O40-G40)*(1-O40)*O40*D40 -> 0.014647765 | W40: =2*(O40-G40)*(1-O40)*O40*E40 -> 0.005492912 | X40: =2*(O40-G40)*(1-O40)*O40*F40 -> 0.00091548533
B41: 37 | C41: 5.5 | D41: 3.5 | E41: 1.3 | F41: 0.2 | G41: 0 | I41: =I40-K2*T40 -> 0.34587846 | J41: =J40-K2*U40 -> -0.74251165 | K41: =K40-K2*V40 -> -0.011757554 | L41: =L40-K2*W40 -> 0.27440244 | M41: =M40-K2*X40 -> 0.46663585 | N41: =I41+J41*C41+K41*D41+L41*E41+F41*M41 -> -3.3290367 | O41: =1/(1+EXP(-N41)) -> 0.034588382 | P41: =IF(O41>0.5,1,0) -> 0 | Q41: =O41-G41 -> 0.034588382 | R41: =Q41^2 -> 0.0011963562 | T41: =2*(O41-G41)*(1-O41)*O41 -> 0.0023099523 | U41: =2*(O41-G41)*(1-O41)*O41*C41 -> 0.012704737 | V41: =2*(O41-G41)*(1-O41)*O41*D41 -> 0.0080848329 | W41: =2*(O41-G41)*(1-O41)*O41*E41 -> 0.0030029379 | X41: =2*(O41-G41)*(1-O41)*O41*F41 -> 0.00046199045
B42: 38 | C42: 4.9 | D42: 3.1 | E42: 1.5 | F42: 0.1 | G42: 0 | I42: =I41-K2*T41 -> 0.34564747 | J42: =J41-K2*U41 -> -0.74378213 | K42: =K41-K2*V41 -> -0.012566037 | L42: =L41-K2*W41 -> 0.27410215 | M42: =M41-K2*X41 -> 0.46658965 | N42: =I42+J42*C42+K42*D42+L42*E42+F42*M42 -> -2.8800275 | O42: =1/(1+EXP(-N42)) -> 0.053149754 | P42: =IF(O42>0.5,1,0) -> 0 | Q42: =O42-G42 -> 0.053149754 | R42: =Q42^2 -> 0.0028248963 | T42: =2*(O42-G42)*(1-O42)*O42 -> 0.0053495075 | U42: =2*(O42-G42)*(1-O42)*O42*C42 -> 0.026212587 | V42: =2*(O42-G42)*(1-O42)*O42*D42 -> 0.016583473 | W42: =2*(O42-G42)*(1-O42)*O42*E42 -> 0.0080242613 | X42: =2*(O42-G42)*(1-O42)*O42*F42 -> 0.00053495075
B43: 39 | C43: 4.4 | D43: 3 | E43: 1.3 | F43: 0.2 | G43: 0 | I43: =I42-K2*T42 -> 0.34511251 | J43: =J42-K2*U42 -> -0.74640338 | K43: =K42-K2*V42 -> -0.014224385 | L43: =L42-K2*W42 -> 0.27329972 | M43: =M42-K2*X42 -> 0.46653616 | N43: =I43+J43*C43+K43*D43+L43*E43+F43*M43 -> -2.5331387 | O43: =1/(1+EXP(-N43)) -> 0.073567444 | P43: =IF(O43>0.5,1,0) -> 0 | Q43: =O43-G43 -> 0.073567444 | R43: =Q43^2 -> 0.0054121688 | T43: =2*(O43-G43)*(1-O43)*O43 -> 0.010028019 | U43: =2*(O43-G43)*(1-O43)*O43*C43 -> 0.044123282 | V43: =2*(O43-G43)*(1-O43)*O43*D43 -> 0.030084056 | W43: =2*(O43-G43)*(1-O43)*O43*E43 -> 0.013036424 | X43: =2*(O43-G43)*(1-O43)*O43*F43 -> 0.0020056037
B44: 40 | C44: 5.1 | D44: 3.4 | E44: 1.5 | F44: 0.2 | G44: 0 | I44: =I43-K2*T43 -> 0.34410971 | J44: =J43-K2*U43 -> -0.75081571 | K44: =K43-K2*V43 -> -0.01723279 | L44: =L43-K2*W43 -> 0.27199608 | M44: =M43-K2*X43 -> 0.4663356 | N44: =I44+J44*C44+K44*D44+L44*E44+F44*M44 -> -3.0423807 | O44: =1/(1+EXP(-N44)) -> 0.045547564 | P44: =IF(O44>0.5,1,0) -> 0 | Q44: =O44-G44 -> 0.045547564 | R44: =Q44^2 -> 0.0020745806 | T44: =2*(O44-G44)*(1-O44)*O44 -> 0.003960177 | U44: =2*(O44-G44)*(1-O44)*O44*C44 -> 0.020196903 | V44: =2*(O44-G44)*(1-O44)*O44*D44 -> 0.013464602 | W44: =2*(O44-G44)*(1-O44)*O44*E44 -> 0.0059402655 | X44: =2*(O44-G44)*(1-O44)*O44*F44 -> 0.0007920354
B45: 41 | C45: 7 | D45: 3.2 | E45: 4.7 | F45: 1.4 | G45: 1 | I45: =I44-K2*T44 -> 0.3437137 | J45: =J44-K2*U44 -> -0.7528354 | K45: =K44-K2*V44 -> -0.01857925 | L45: =L44-K2*W44 -> 0.27140205 | M45: =M44-K2*X44 -> 0.46625639 | N45: =I45+J45*C45+K45*D45+L45*E45+F45*M45 -> -3.0572391 | O45: =1/(1+EXP(-N45)) -> 0.044905967 | P45: =IF(O45>0.5,1,0) -> 0 | Q45: =O45-G45 -> -0.95509403 | R45: =Q45^2 -> 0.91220461 | T45: =2*(O45-G45)*(1-O45)*O45 -> -0.08192686 | U45: =2*(O45-G45)*(1-O45)*O45*C45 -> -0.57348802 | V45: =2*(O45-G45)*(1-O45)*O45*D45 -> -0.26216595 | W45: =2*(O45-G45)*(1-O45)*O45*E45 -> -0.38505624 | X45: =2*(O45-G45)*(1-O45)*O45*F45 -> -0.1146976
B46: 42 | C46: 6.4 | D46: 3.2 | E46: 4.5 | F46: 1.5 | G46: 1 | I46: =I45-K2*T45 -> 0.35190638 | J46: =J45-K2*U45 -> -0.6954866 | K46: =K45-K2*V45 -> 0.0076373447 | L46: =L45-K2*W45 -> 0.30990768 | M46: =M45-K2*X45 -> 0.47772616 | N46: =I46+J46*C46+K46*D46+L46*E46+F46*M46 -> -1.9635946 | O46: =1/(1+EXP(-N46)) -> 0.12307856 | P46: =IF(O46>0.5,1,0) -> 0 | Q46: =O46-G46 -> -0.87692144 | R46: =Q46^2 -> 0.76899122 | T46: =2*(O46-G46)*(1-O46)*O46 -> -0.18929266 | U46: =2*(O46-G46)*(1-O46)*O46*C46 -> -1.211473 | V46: =2*(O46-G46)*(1-O46)*O46*D46 -> -0.60573651 | W46: =2*(O46-G46)*(1-O46)*O46*E46 -> -0.85181697 | X46: =2*(O46-G46)*(1-O46)*O46*F46 -> -0.28393899
B47: 43 | C47: 6.9 | D47: 3.1 | E47: 4.9 | F47: 1.5 | G47: 1 | I47: =I46-K2*T46 -> 0.37083565 | J47: =J46-K2*U46 -> -0.5743393 | K47: =K46-K2*V46 -> 0.068210996 | L47: =L46-K2*W46 -> 0.39508937 | M47: =M46-K2*X46 -> 0.50612005 | N47: =I47+J47*C47+K47*D47+L47*E47+F47*M47 -> -0.68553341 | O47: =1/(1+EXP(-N47)) -> 0.33502742 | P47: =IF(O47>0.5,1,0) -> 0 | Q47: =O47-G47 -> -0.66497258 | R47: =Q47^2 -> 0.44218853 | T47: =2*(O47-G47)*(1-O47)*O47 -> -0.29629057 | U47: =2*(O47-G47)*(1-O47)*O47*C47 -> -2.0444049 | V47: =2*(O47-G47)*(1-O47)*O47*D47 -> -0.91850076 | W47: =2*(O47-G47)*(1-O47)*O47*E47 -> -1.4518238 | X47: =2*(O47-G47)*(1-O47)*O47*F47 -> -0.44443585
B48: 44 | C48: 5.5 | D48: 2.3 | E48: 4 | F48: 1.3 | G48: 1 | I48: =I47-K2*T47 -> 0.4004647 | J48: =J47-K2*U47 -> -0.36989881 | K48: =K47-K2*V47 -> 0.16006107 | L48: =L47-K2*W47 -> 0.54027175 | M48: =M47-K2*X47 -> 0.55056364 | N48: =I48+J48*C48+K48*D48+L48*E48+F48*M48 -> 1.6109815 | O48: =1/(1+EXP(-N48)) -> 0.8335476 | P48: =IF(O48>0.5,1,0) -> 1 | Q48: =O48-G48 -> -0.1664524 | R48: =Q48^2 -> 0.0277064 | T48: =2*(O48-G48)*(1-O48)*O48 -> -0.046189207 | U48: =2*(O48-G48)*(1-O48)*O48*C48 -> -0.25404064 | V48: =2*(O48-G48)*(1-O48)*O48*D48 -> -0.10623518 | W48: =2*(O48-G48)*(1-O48)*O48*E48 -> -0.18475683 | X48: =2*(O48-G48)*(1-O48)*O48*F48 -> -0.060045969
B49: 45 | C49: 6.5 | D49: 2.8 | E49: 4.6 | F49: 1.5 | G49: 1 | I49: =I48-K2*T48 -> 0.40508362 | J49: =J48-K2*U48 -> -0.34449474 | K49: =K48-K2*V48 -> 0.17068459 | L49: =L48-K2*W48 -> 0.55874743 | M49: =M48-K2*X48 -> 0.55656824 | N49: =I49+J49*C49+K49*D49+L49*E49+F49*M49 -> 2.0488752 | O49: =1/(1+EXP(-N49)) -> 0.88583391 | P49: =IF(O49>0.5,1,0) -> 1 | Q49: =O49-G49 -> -0.11416609 | R49: =Q49^2 -> 0.013033895 | T49: =2*(O49-G49)*(1-O49)*O49 -> -0.023091733 | U49: =2*(O49-G49)*(1-O49)*O49*C49 -> -0.15009627 | V49: =2*(O49-G49)*(1-O49)*O49*D49 -> -0.064656853 | W49: =2*(O49-G49)*(1-O49)*O49*E49 -> -0.10622197 | X49: =2*(O49-G49)*(1-O49)*O49*F49 -> -0.0346376
B50: 46 | C50: 5.7 | D50: 2.8 | E50: 4.5 | F50: 1.3 | G50: 1 | I50: =I49-K2*T49 -> 0.4073928 | J50: =J49-K2*U49 -> -0.32948512 | K50: =K49-K2*V49 -> 0.17715027 | L50: =L49-K2*W49 -> 0.56936963 | M50: =M49-K2*X49 -> 0.560032 | N50: =I50+J50*C50+K50*D50+L50*E50+F50*M50 -> 2.3155533 | O50: =1/(1+EXP(-N50)) -> 0.91015699 | P50: =IF(O50>0.5,1,0) -> 1 | Q50: =O50-G50 -> -0.089843007 | R50: =Q50^2 -> 0.0080717658 | T50: =2*(O50-G50)*(1-O50)*O50 -> -0.014693148 | U50: =2*(O50-G50)*(1-O50)*O50*C50 -> -0.083750945 | V50: =2*(O50-G50)*(1-O50)*O50*D50 -> -0.041140815 | W50: =2*(O50-G50)*(1-O50)*O50*E50 -> -0.066119167 | X50: =2*(O50-G50)*(1-O50)*O50*F50 -> -0.019101093
B51: 47 | C51: 6.3 | D51: 3.3 | E51: 4.7 | F51: 1.6 | G51: 1 | I51: =I50-K2*T50 -> 0.40886211 | J51: =J50-K2*U50 -> -0.32111002 | K51: =K50-K2*V50 -> 0.18126436 | L51: =L50-K2*W50 -> 0.57598155 | M51: =M50-K2*X50 -> 0.56194211 | N51: =I51+J51*C51+K51*D51+L51*E51+F51*M51 -> 2.590262 | O51: =1/(1+EXP(-N51)) -> 0.93023222 | P51: =IF(O51>0.5,1,0) -> 1 | Q51: =O51-G51 -> -0.069767778 | R51: =Q51^2 -> 0.0048675429 | T51: =2*(O51-G51)*(1-O51)*O51 -> -0.0090558905 | U51: =2*(O51-G51)*(1-O51)*O51*C51 -> -0.05705211 | V51: =2*(O51-G51)*(1-O51)*O51*D51 -> -0.029884439 | W51: =2*(O51-G51)*(1-O51)*O51*E51 -> -0.042562685 | X51: =2*(O51-G51)*(1-O51)*O51*F51 -> -0.014489425
B52: 48 | C52: 4.9 | D52: 2.4 | E52: 3.3 | F52: 1 | G52: 1 | I52: =I51-K2*T51 -> 0.4097677 | J52: =J51-K2*U51 -> -0.31540481 | K52: =K51-K2*V51 -> 0.1842528 | L52: =L51-K2*W51 -> 0.58023782 | M52: =M51-K2*X51 -> 0.56339105 | N52: =I52+J52*C52+K52*D52+L52*E52+F52*M52 -> 1.7846667 | O52: =1/(1+EXP(-N52)) -> 0.85627215 | P52: =IF(O52>0.5,1,0) -> 1 | Q52: =O52-G52 -> -0.14372785 | R52: =Q52^2 -> 0.020657695 | T52: =2*(O52-G52)*(1-O52)*O52 -> -0.035377217 | U52: =2*(O52-G52)*(1-O52)*O52*C52 -> -0.17334836 | V52: =2*(O52-G52)*(1-O52)*O52*D52 -> -0.084905322 | W52: =2*(O52-G52)*(1-O52)*O52*E52 -> -0.11674482 | X52: =2*(O52-G52)*(1-O52)*O52*F52 -> -0.035377217
B53: 49 | C53: 6.6 | D53: 2.9 | E53: 4.6 | F53: 1.3 | G53: 1 | I53: =I52-K2*T52 -> 0.41330542 | J53: =J52-K2*U52 -> -0.29806998 | K53: =K52-K2*V52 -> 0.19274333 | L53: =L52-K2*W52 -> 0.5919123 | M53: =M52-K2*X52 -> 0.56692877 | N53: =I53+J53*C53+K53*D53+L53*E53+F53*M53 -> 2.4648032 | O53: =1/(1+EXP(-N53)) -> 0.92163726 | P53: =IF(O53>0.5,1,0) -> 1 | Q53: =O53-G53 -> -0.078362736 | R53: =Q53^2 -> 0.0061407184 | T53: =2*(O53-G53)*(1-O53)*O53 -> -0.01131903 | U53: =2*(O53-G53)*(1-O53)*O53*C53 -> -0.074705597 | V53: =2*(O53-G53)*(1-O53)*O53*D53 -> -0.032825186 | W53: =2*(O53-G53)*(1-O53)*O53*E53 -> -0.052067537 | X53: =2*(O53-G53)*(1-O53)*O53*F53 -> -0.014714739
B54: 50 | C54: 5.2 | D54: 2.7 | E54: 3.9 | F54: 1.4 | G54: 1 | I54: =I53-K2*T53 -> 0.41443733 | J54: =J53-K2*U53 -> -0.29059942 | K54: =K53-K2*V53 -> 0.19602585 | L54: =L53-K2*W53 -> 0.59711905 | M54: =M53-K2*X53 -> 0.56840024 | N54: =I54+J54*C54+K54*D54+L54*E54+F54*M54 -> 2.5571148 | O54: =1/(1+EXP(-N54)) -> 0.92805004 | P54: =IF(O54>0.5,1,0) -> 1 | Q54: =O54-G54 -> -0.071949958 | R54: =Q54^2 -> 0.0051767965 | T54: =2*(O54-G54)*(1-O54)*O54 -> -0.0096086524 | U54: =2*(O54-G54)*(1-O54)*O54*C54 -> -0.049964993 | V54: =2*(O54-G54)*(1-O54)*O54*D54 -> -0.025943362 | W54: =2*(O54-G54)*(1-O54)*O54*E54 -> -0.037473745 | X54: =2*(O54-G54)*(1-O54)*O54*F54 -> -0.013452113
B55: 51 | C55: 5 | D55: 2 | E55: 3.5 | F55: 1 | G55: 1 | I55: =I54-K2*T54 -> 0.41539819 | J55: =J54-K2*U54 -> -0.28560292 | K55: =K54-K2*V54 -> 0.19862019 | L55: =L54-K2*W54 -> 0.60086643 | M55: =M54-K2*X54 -> 0.56974545 | N55: =I55+J55*C55+K55*D55+L55*E55+F55*M55 -> 2.0574019 | O55: =1/(1+EXP(-N55)) -> 0.88669341 | P55: =IF(O55>0.5,1,0) -> 1 | Q55: =O55-G55 -> -0.11330659 | R55: =Q55^2 -> 0.012838384 | T55: =2*(O55-G55)*(1-O55)*O55 -> -0.02276742 | U55: =2*(O55-G55)*(1-O55)*O55*C55 -> -0.1138371 | V55: =2*(O55-G55)*(1-O55)*O55*D55 -> -0.045534841 | W55: =2*(O55-G55)*(1-O55)*O55*E55 -> -0.079685972 | X55: =2*(O55-G55)*(1-O55)*O55*F55 -> -0.02276742
B56: 52 | C56: 5.9 | D56: 3 | E56: 4.2 | F56: 1.5 | G56: 1 | I56: =I55-K2*T55 -> 0.41767493 | J56: =J55-K2*U55 -> -0.27421921 | K56: =K55-K2*V55 -> 0.20317367 | L56: =L55-K2*W55 -> 0.60883502 | M56: =M55-K2*X55 -> 0.5720222 | N56: =I56+J56*C56+K56*D56+L56*E56+F56*M56 -> 2.824443 | O56: =1/(1+EXP(-N56)) -> 0.94398248 | P56: =IF(O56>0.5,1,0) -> 1 | Q56: =O56-G56 -> -0.056017525 | R56: =Q56^2 -> 0.0031379631 | T56: =2*(O56-G56)*(1-O56)*O56 -> -0.0059243643 | U56: =2*(O56-G56)*(1-O56)*O56*C56 -> -0.034953749 | V56: =2*(O56-G56)*(1-O56)*O56*D56 -> -0.017773093 | W56: =2*(O56-G56)*(1-O56)*O56*E56 -> -0.02488233 | X56: =2*(O56-G56)*(1-O56)*O56*F56 -> -0.0088865464
B57: 53 | C57: 6 | D57: 2.2 | E57: 4 | F57: 1 | G57: 1 | I57: =I56-K2*T56 -> 0.41826737 | J57: =J56-K2*U56 -> -0.27072383 | K57: =K56-K2*V56 -> 0.20495098 | L57: =L56-K2*W56 -> 0.61132326 | M57: =M56-K2*X56 -> 0.57291085 | N57: =I57+J57*C57+K57*D57+L57*E57+F57*M57 -> 2.2630204 | O57: =1/(1+EXP(-N57)) -> 0.90576775 | P57: =IF(O57>0.5,1,0) -> 1 | Q57: =O57-G57 -> -0.094232253 | R57: =Q57^2 -> 0.0088797175 | T57: =2*(O57-G57)*(1-O57)*O57 -> -0.016085923 | U57: =2*(O57-G57)*(1-O57)*O57*C57 -> -0.096515541 | V57: =2*(O57-G57)*(1-O57)*O57*D57 -> -0.035389032 | W57: =2*(O57-G57)*(1-O57)*O57*E57 -> -0.064343694 | X57: =2*(O57-G57)*(1-O57)*O57*F57 -> -0.016085923
B58: 54 | C58: 6.1 | D58: 2.9 | E58: 4.7 | F58: 1.4 | G58: 1 | I58: =I57-K2*T57 -> 0.41987596 | J58: =J57-K2*U57 -> -0.26107228 | K58: =K57-K2*V57 -> 0.20848988 | L58: =L57-K2*W57 -> 0.61775763 | M58: =M57-K2*X57 -> 0.57451944 | N58: =I58+J58*C58+K58*D58+L58*E58+F58*M58 -> 3.1397438 | O58: =1/(1+EXP(-N58)) -> 0.95850269 | P58: =IF(O58>0.5,1,0) -> 1 | Q58: =O58-G58 -> -0.041497309 | R58: =Q58^2 -> 0.0017220266 | T58: =2*(O58-G58)*(1-O58)*O58 -> -0.0033011343 | U58: =2*(O58-G58)*(1-O58)*O58*C58 -> -0.02013692 | V58: =2*(O58-G58)*(1-O58)*O58*D58 -> -0.0095732896 | W58: =2*(O58-G58)*(1-O58)*O58*E58 -> -0.015515331 | X58: =2*(O58-G58)*(1-O58)*O58*F58 -> -0.0046215881
B59: 55 | C59: 5.6 | D59: 2.9 | E59: 3.6 | F59: 1.3 | G59: 1 | I59: =I58-K2*T58 -> 0.42020608 | J59: =J58-K2*U58 -> -0.25905859 | K59: =K58-K2*V58 -> 0.20944721 | L59: =L58-K2*W58 -> 0.61930916 | M59: =M58-K2*X58 -> 0.5749816 | N59: =I59+J59*C59+K59*D59+L59*E59+F59*M59 -> 2.553864 | O59: =1/(1+EXP(-N59)) -> 0.92783267 | P59: =IF(O59>0.5,1,0) -> 1 | Q59: =O59-G59 -> -0.072167329 | R59: =Q59^2 -> 0.0052081234 | T59: =2*(O59-G59)*(1-O59)*O59 -> -0.0096645341 | U59: =2*(O59-G59)*(1-O59)*O59*C59 -> -0.054121391 | V59: =2*(O59-G59)*(1-O59)*O59*D59 -> -0.028027149 | W59: =2*(O59-G59)*(1-O59)*O59*E59 -> -0.034792323 | X59: =2*(O59-G59)*(1-O59)*O59*F59 -> -0.012563894
B60: 56 | C60: 6.7 | D60: 3.1 | E60: 4.4 | F60: 1.4 | G60: 1 | I60: =I59-K2*T59 -> 0.42117253 | J60: =J59-K2*U59 -> -0.25364645 | K60: =K59-K2*V59 -> 0.21224993 | L60: =L59-K2*W59 -> 0.62278839 | M60: =M59-K2*X59 -> 0.57623799 | N60: =I60+J60*C60+K60*D60+L60*E60+F60*M60 -> 2.9267182 | O60: =1/(1+EXP(-N60)) -> 0.94915152 | P60: =IF(O60>0.5,1,0) -> 1 | Q60: =O60-G60 -> -0.05084848 | R60: =Q60^2 -> 0.0025855679 | T60: =2*(O60-G60)*(1-O60)*O60 -> -0.0049081914 | U60: =2*(O60-G60)*(1-O60)*O60*C60 -> -0.032884883 | V60: =2*(O60-G60)*(1-O60)*O60*D60 -> -0.015215393 | W60: =2*(O60-G60)*(1-O60)*O60*E60 -> -0.021596042 | X60: =2*(O60-G60)*(1-O60)*O60*F60 -> -0.006871468
B61: 57 | C61: 5.6 | D61: 3 | E61: 4.5 | F61: 1.5 | G61: 1 | I61: =I60-K2*T60 -> 0.42166335 | J61: =J60-K2*U60 -> -0.25035796 | K61: =K60-K2*V60 -> 0.21377147 | L61: =L60-K2*W60 -> 0.624948 | M61: =M60-K2*X60 -> 0.57692514 | N61: =I61+J61*C61+K61*D61+L61*E61+F61*M61 -> 3.3386269 | O61: =1/(1+EXP(-N61)) -> 0.96573043 | P61: =IF(O61>0.5,1,0) -> 1 | Q61: =O61-G61 -> -0.034269573 | R61: =Q61^2 -> 0.0011744036 | T61: =2*(O61-G61)*(1-O61)*O61 -> -0.0022683146 | U61: =2*(O61-G61)*(1-O61)*O61*C61 -> -0.012702562 | V61: =2*(O61-G61)*(1-O61)*O61*D61 -> -0.0068049438 | W61: =2*(O61-G61)*(1-O61)*O61*E61 -> -0.010207416 | X61: =2*(O61-G61)*(1-O61)*O61*F61 -> -0.0034024719
B62: 58 | C62: 5.8 | D62: 2.7 | E62: 4.1 | F62: 1 | G62: 1 | I62: =I61-K2*T61 -> 0.42189018 | J62: =J61-K2*U61 -> -0.2490877 | K62: =K61-K2*V61 -> 0.21445196 | L62: =L61-K2*W61 -> 0.62596874 | M62: =M61-K2*X61 -> 0.57726539 | N62: =I62+J62*C62+K62*D62+L62*E62+F62*M62 -> 2.699939 | O62: =1/(1+EXP(-N62)) -> 0.93702304 | P62: =IF(O62>0.5,1,0) -> 1 | Q62: =O62-G62 -> -0.062976955 | R62: =Q62^2 -> 0.0039660969 | T62: =2*(O62-G62)*(1-O62)*O62 -> -0.0074326483 | U62: =2*(O62-G62)*(1-O62)*O62*C62 -> -0.04310936 | V62: =2*(O62-G62)*(1-O62)*O62*D62 -> -0.020068151 | W62: =2*(O62-G62)*(1-O62)*O62*E62 -> -0.030473858 | X62: =2*(O62-G62)*(1-O62)*O62*F62 -> -0.0074326483
B63: 59 | C63: 6.2 | D63: 2.2 | E63: 4.5 | F63: 1.5 | G63: 1 | I63: =I62-K2*T62 -> 0.42263344 | J63: =J62-K2*U62 -> -0.24477677 | K63: =K62-K2*V62 -> 0.21645878 | L63: =L62-K2*W62 -> 0.62901612 | M63: =M62-K2*X62 -> 0.57800865 | N63: =I63+J63*C63+K63*D63+L63*E63+F63*M63 -> 3.0788123 | O63: =1/(1+EXP(-N63)) -> 0.95601026 | P63: =IF(O63>0.5,1,0) -> 1 | Q63: =O63-G63 -> -0.043989735 | R63: =Q63^2 -> 0.0019350968 | T63: =2*(O63-G63)*(1-O63)*O63 -> -0.0036999448 | U63: =2*(O63-G63)*(1-O63)*O63*C63 -> -0.022939658 | V63: =2*(O63-G63)*(1-O63)*O63*D63 -> -0.0081398787 | W63: =2*(O63-G63)*(1-O63)*O63*E63 -> -0.016649752 | X63: =2*(O63-G63)*(1-O63)*O63*F63 -> -0.0055499173
B64: 60 | C64: 5.6 | D64: 2.5 | E64: 3.9 | F64: 1.1 | G64: 1 | I64: =I63-K2*T63 -> 0.42300344 | J64: =J63-K2*U63 -> -0.2424828 | K64: =K63-K2*V63 -> 0.21727276 | L64: =L63-K2*W63 -> 0.6306811 | M64: =M63-K2*X63 -> 0.57856364 | N64: =I64+J64*C64+K64*D64+L64*E64+F64*M64 -> 2.704358 | O64: =1/(1+EXP(-N64)) -> 0.93728331 | P64: =IF(O64>0.5,1,0) -> 1 | Q64: =O64-G64 -> -0.062716692 | R64: =Q64^2 -> 0.0039333835 | T64: =2*(O64-G64)*(1-O64)*O64 -> -0.0073733894 | U64: =2*(O64-G64)*(1-O64)*O64*C64 -> -0.041290981 | V64: =2*(O64-G64)*(1-O64)*O64*D64 -> -0.018433473 | W64: =2*(O64-G64)*(1-O64)*O64*E64 -> -0.028756219 | X64: =2*(O64-G64)*(1-O64)*O64*F64 -> -0.0081107283
B65: 61 | C65: 5.9 | D65: 3.2 | E65: 4.8 | F65: 1.8 | G65: 1 | I65: =I64-K2*T64 -> 0.42374078 | J65: =J64-K2*U64 -> -0.2383537 | K65: =K64-K2*V64 -> 0.21911611 | L65: =L64-K2*W64 -> 0.63355672 | M65: =M64-K2*X64 -> 0.57937472 | N65: =I65+J65*C65+K65*D65+L65*E65+F65*M65 -> 3.8025722 | O65: =1/(1+EXP(-N65)) -> 0.97817371 | P65: =IF(O65>0.5,1,0) -> 1 | Q65: =O65-G65 -> -0.021826286 | R65: =Q65^2 -> 0.00047638678 | T65: =2*(O65-G65)*(1-O65)*O65 -> -0.00093197805 | U65: =2*(O65-G65)*(1-O65)*O65*C65 -> -0.0054986705 | V65: =2*(O65-G65)*(1-O65)*O65*D65 -> -0.0029823298 | W65: =2*(O65-G65)*(1-O65)*O65*E65 -> -0.0044734946 | X65: =2*(O65-G65)*(1-O65)*O65*F65 -> -0.0016775605
B66: 62 | C66: 6.1 | D66: 2.8 | E66: 4 | F66: 1.3 | G66: 1 | I66: =I65-K2*T65 -> 0.42383398 | J66: =J65-K2*U65 -> -0.23780384 | K66: =K65-K2*V65 -> 0.21941434 | L66: =L65-K2*W65 -> 0.63400407 | M66: =M65-K2*X65 -> 0.57954247 | N66: =I66+J66*C66+K66*D66+L66*E66+F66*M66 -> 2.8770122 | O66: =1/(1+EXP(-N66)) -> 0.9466983 | P66: =IF(O66>0.5,1,0) -> 1 | Q66: =O66-G66 -> -0.0533017 | R66: =Q66^2 -> 0.0028410712 | T66: =2*(O66-G66)*(1-O66)*O66 -> -0.0053792746 | U66: =2*(O66-G66)*(1-O66)*O66*C66 -> -0.032813575 | V66: =2*(O66-G66)*(1-O66)*O66*D66 -> -0.015061969 | W66: =2*(O66-G66)*(1-O66)*O66*E66 -> -0.021517098 | X66: =2*(O66-G66)*(1-O66)*O66*F66 -> -0.006993057
B67: 63 | C67: 6.3 | D67: 2.5 | E67: 4.9 | F67: 1.5 | G67: 1 | I67: =I66-K2*T66 -> 0.4243719 | J67: =J66-K2*U66 -> -0.23452248 | K67: =K66-K2*V66 -> 0.22092054 | L67: =L66-K2*W66 -> 0.63615578 | M67: =M66-K2*X66 -> 0.58024178 | N67: =I67+J67*C67+K67*D67+L67*E67+F67*M67 -> 3.4867076 | O67: =1/(1+EXP(-N67)) -> 0.97030719 | P67: =IF(O67>0.5,1,0) -> 1 | Q67: =O67-G67 -> -0.029692814 | R67: =Q67^2 -> 0.00088166323 | T67: =2*(O67-G67)*(1-O67)*O67 -> -0.0017109683 | U67: =2*(O67-G67)*(1-O67)*O67*C67 -> -0.010779101 | V67: =2*(O67-G67)*(1-O67)*O67*D67 -> -0.0042774208 | W67: =2*(O67-G67)*(1-O67)*O67*E67 -> -0.0083837448 | X67: =2*(O67-G67)*(1-O67)*O67*F67 -> -0.0025664525
B68: 64 | C68: 6.1 | D68: 2.8 | E68: 4.7 | F68: 1.2 | G68: 1 | I68: =I67-K2*T67 -> 0.424543 | J68: =J67-K2*U67 -> -0.23344457 | K68: =K67-K2*V67 -> 0.22134828 | L68: =L67-K2*W67 -> 0.63699415 | M68: =M67-K2*X67 -> 0.58049842 | N68: =I68+J68*C68+K68*D68+L68*E68+F68*M68 -> 3.310777 | O68: =1/(1+EXP(-N68)) -> 0.96479668 | P68: =IF(O68>0.5,1,0) -> 1 | Q68: =O68-G68 -> -0.035203321 | R68: =Q68^2 -> 0.0012392738 | T68: =2*(O68-G68)*(1-O68)*O68 -> -0.0023912945 | U68: =2*(O68-G68)*(1-O68)*O68*C68 -> -0.014586897 | V68: =2*(O68-G68)*(1-O68)*O68*D68 -> -0.0066956246 | W68: =2*(O68-G68)*(1-O68)*O68*E68 -> -0.011239084 | X68: =2*(O68-G68)*(1-O68)*O68*F68 -> -0.0028695534
B69: 65 | C69: 6.4 | D69: 2.9 | E69: 4.3 | F69: 1.3 | G69: 1 | I69: =I68-K2*T68 -> 0.42478213 | J69: =J68-K2*U68 -> -0.23198588 | K69: =K68-K2*V68 -> 0.22201785 | L69: =L68-K2*W68 -> 0.63811806 | M69: =M68-K2*X68 -> 0.58078538 | N69: =I69+J69*C69+K69*D69+L69*E69+F69*M69 -> 3.0828529 | O69: =1/(1+EXP(-N69)) -> 0.95617988 | P69: =IF(O69>0.5,1,0) -> 1 | Q69: =O69-G69 -> -0.043820123 | R69: =Q69^2 -> 0.0019202031 | T69: =2*(O69-G69)*(1-O69)*O69 -> -0.0036721192 | U69: =2*(O69-G69)*(1-O69)*O69*C69 -> -0.023501563 | V69: =2*(O69-G69)*(1-O69)*O69*D69 -> -0.010649146 | W69: =2*(O69-G69)*(1-O69)*O69*E69 -> -0.015790113 | X69: =2*(O69-G69)*(1-O69)*O69*F69 -> -0.004773755
B70: 66 | C70: 6.6 | D70: 3 | E70: 4.4 | F70: 1.4 | G70: 1 | I70: =I69-K2*T69 -> 0.42514934 | J70: =J69-K2*U69 -> -0.22963572 | K70: =K69-K2*V69 -> 0.22308276 | L70: =L69-K2*W69 -> 0.63969707 | M70: =M69-K2*X69 -> 0.58126275 | N70: =I70+J70*C70+K70*D70+L70*E70+F70*M70 -> 3.2072368 | O70: =1/(1+EXP(-N70)) -> 0.96110571 | P70: =IF(O70>0.5,1,0) -> 1 | Q70: =O70-G70 -> -0.038894294 | R70: =Q70^2 -> 0.0015127661 | T70: =2*(O70-G70)*(1-O70)*O70 -> -0.0029078563 | U70: =2*(O70-G70)*(1-O70)*O70*C70 -> -0.019191852 | V70: =2*(O70-G70)*(1-O70)*O70*D70 -> -0.008723569 | W70: =2*(O70-G70)*(1-O70)*O70*E70 -> -0.012794568 | X70: =2*(O70-G70)*(1-O70)*O70*F70 -> -0.0040709988
B71: 67 | C71: 6.8 | D71: 2.8 | E71: 4.8 | F71: 1.4 | G71: 1 | I71: =I70-K2*T70 -> 0.42544013 | J71: =J70-K2*U70 -> -0.22771654 | K71: =K70-K2*V70 -> 0.22395512 | L71: =L70-K2*W70 -> 0.64097653 | M71: =M70-K2*X70 -> 0.58166985 | N71: =I71+J71*C71+K71*D71+L71*E71+F71*M71 -> 3.3950671 | O71: =1/(1+EXP(-N71)) -> 0.96755002 | P71: =IF(O71>0.5,1,0) -> 1 | Q71: =O71-G71 -> -0.032449985 | R71: =Q71^2 -> 0.0010530015 | T71: =2*(O71-G71)*(1-O71)*O71 -> -0.0020376633 | U71: =2*(O71-G71)*(1-O71)*O71*C71 -> -0.01385611 | V71: =2*(O71-G71)*(1-O71)*O71*D71 -> -0.0057054571 | W71: =2*(O71-G71)*(1-O71)*O71*E71 -> -0.0097807837 | X71: =2*(O71-G71)*(1-O71)*O71*F71 -> -0.0028527286
B72: 68 | C72: 6.7 | D72: 3 | E72: 5 | F72: 1.7 | G72: 1 | I72: =I71-K2*T71 -> 0.42564389 | J72: =J71-K2*U71 -> -0.22633093 | K72: =K71-K2*V71 -> 0.22452566 | L72: =L71-K2*W71 -> 0.64195461 | M72: =M71-K2*X71 -> 0.58195513 | N72: =I72+J72*C72+K72*D72+L72*E72+F72*M72 -> 3.7819004 | O72: =1/(1+EXP(-N72)) -> 0.97772798 | P72: =IF(O72>0.5,1,0) -> 1 | Q72: =O72-G72 -> -0.022272017 | R72: =Q72^2 -> 0.00049604275 | T72: =2*(O72-G72)*(1-O72)*O72 -> -0.00096998976 | U72: =2*(O72-G72)*(1-O72)*O72*C72 -> -0.0064989314 | V72: =2*(O72-G72)*(1-O72)*O72*D72 -> -0.0029099693 | W72: =2*(O72-G72)*(1-O72)*O72*E72 -> -0.0048499488 | X72: =2*(O72-G72)*(1-O72)*O72*F72 -> -0.0016489826
B73: 69 | C73: 6 | D73: 2.9 | E73: 4.5 | F73: 1.5 | G73: 1 | I73: =I72-K2*T72 -> 0.42574089 | J73: =J72-K2*U72 -> -0.22568103 | K73: =K72-K2*V72 -> 0.22481666 | L73: =L72-K2*W72 -> 0.6424396 | M73: =M72-K2*X72 -> 0.58212002 | N73: =I73+J73*C73+K73*D73+L73*E73+F73*M73 -> 3.4877813 | O73: =1/(1+EXP(-N73)) -> 0.9703381 | P73: =IF(O73>0.5,1,0) -> 1 | Q73: =O73-G73 -> -0.029661897 | R73: =Q73^2 -> 0.00087982816 | T73: =2*(O73-G73)*(1-O73)*O73 -> -0.0017074616 | U73: =2*(O73-G73)*(1-O73)*O73*C73 -> -0.010244769 | V73: =2*(O73-G73)*(1-O73)*O73*D73 -> -0.0049516386 | W73: =2*(O73-G73)*(1-O73)*O73*E73 -> -0.0076835771 | X73: =2*(O73-G73)*(1-O73)*O73*F73 -> -0.0025611924
B74: 70 | C74: 5.7 | D74: 2.6 | E74: 3.5 | F74: 1 | G74: 1 | I74: =I73-K2*T73 -> 0.42591164 | J74: =J73-K2*U73 -> -0.22465656 | K74: =K73-K2*V73 -> 0.22531182 | L74: =L73-K2*W73 -> 0.64320796 | M74: =M73-K2*X73 -> 0.58237614 | N74: =I74+J74*C74+K74*D74+L74*E74+F74*M74 -> 2.564784 | O74: =1/(1+EXP(-N74)) -> 0.92856046 | P74: =IF(O74>0.5,1,0) -> 1 | Q74: =O74-G74 -> -0.071439538 | R74: =Q74^2 -> 0.0051036077 | T74: =2*(O74-G74)*(1-O74)*O74 -> -0.0094780166 | U74: =2*(O74-G74)*(1-O74)*O74*C74 -> -0.054024694 | V74: =2*(O74-G74)*(1-O74)*O74*D74 -> -0.024642843 | W74: =2*(O74-G74)*(1-O74)*O74*E74 -> -0.033173058 | X74: =2*(O74-G74)*(1-O74)*O74*F74 -> -0.0094780166
B75: 71 | C75: 5.5 | D75: 2.4 | E75: 3.8 | F75: 1.1 | G75: 1 | I75: =I74-K2*T74 -> 0.42685944 | J75: =J74-K2*U74 -> -0.21925409 | K75: =K74-K2*V74 -> 0.22777611 | L75: =L74-K2*W74 -> 0.64652527 | M75: =M74-K2*X74 -> 0.58332394 | N75: =I75+J75*C75+K75*D75+L75*E75+F75*M75 -> 2.866077 | O75: =1/(1+EXP(-N75)) -> 0.9461438 | P75: =IF(O75>0.5,1,0) -> 1 | Q75: =O75-G75 -> -0.053856203 | R75: =Q75^2 -> 0.0029004906 | T75: =2*(O75-G75)*(1-O75)*O75 -> -0.0054885623 | U75: =2*(O75-G75)*(1-O75)*O75*C75 -> -0.030187093 | V75: =2*(O75-G75)*(1-O75)*O75*D75 -> -0.01317255 | W75: =2*(O75-G75)*(1-O75)*O75*E75 -> -0.020856537 | X75: =2*(O75-G75)*(1-O75)*O75*F75 -> -0.0060374186
B76: 72 | C76: 5.5 | D76: 2.4 | E76: 3.7 | F76: 1 | G76: 1 | I76: =I75-K2*T75 -> 0.4274083 | J76: =J75-K2*U75 -> -0.21623538 | K76: =K75-K2*V75 -> 0.22909336 | L76: =L75-K2*W75 -> 0.64861092 | M76: =M75-K2*X75 -> 0.58392769 | N76: =I76+J76*C76+K76*D76+L76*E76+F76*M76 -> 2.7717259 | O76: =1/(1+EXP(-N76)) -> 0.94112868 | P76: =IF(O76>0.5,1,0) -> 1 | Q76: =O76-G76 -> -0.058871317 | R76: =Q76^2 -> 0.003465832 | T76: =2*(O76-G76)*(1-O76)*O76 -> -0.0065235877 | U76: =2*(O76-G76)*(1-O76)*O76*C76 -> -0.035879733 | V76: =2*(O76-G76)*(1-O76)*O76*D76 -> -0.015656611 | W76: =2*(O76-G76)*(1-O76)*O76*E76 -> -0.024137275 | X76: =2*(O76-G76)*(1-O76)*O76*F76 -> -0.0065235877
B77: 73 | C77: 5.8 | D77: 2.7 | E77: 3.9 | F77: 1.2 | G77: 1 | I77: =I76-K2*T76 -> 0.42806066 | J77: =J76-K2*U76 -> -0.2126474 | K77: =K76-K2*V76 -> 0.23065902 | L77: =L76-K2*W76 -> 0.65102465 | M77: =M76-K2*X76 -> 0.58458005 | N77: =I77+J77*C77+K77*D77+L77*E77+F77*M77 -> 3.0579773 | O77: =1/(1+EXP(-N77)) -> 0.95512568 | P77: =IF(O77>0.5,1,0) -> 1 | Q77: =O77-G77 -> -0.044874319 | R77: =Q77^2 -> 0.0020137045 | T77: =2*(O77-G77)*(1-O77)*O77 -> -0.0038466818 | U77: =2*(O77-G77)*(1-O77)*O77*C77 -> -0.022310754 | V77: =2*(O77-G77)*(1-O77)*O77*D77 -> -0.010386041 | W77: =2*(O77-G77)*(1-O77)*O77*E77 -> -0.015002059 | X77: =2*(O77-G77)*(1-O77)*O77*F77 -> -0.0046160182
B78: 74 | C78: 6 | D78: 2.7 | E78: 5.1 | F78: 1.6 | G78: 1 | I78: =I77-K2*T77 -> 0.42844532 | J78: =J77-K2*U77 -> -0.21041633 | K78: =K77-K2*V77 -> 0.23169763 | L78: =L77-K2*W77 -> 0.65252485 | M78: =M77-K2*X77 -> 0.58504165 | N78: =I78+J78*C78+K78*D78+L78*E78+F78*M78 -> 4.0554743 | O78: =1/(1+EXP(-N78)) -> 0.98296786 | P78: =IF(O78>0.5,1,0) -> 1 | Q78: =O78-G78 -> -0.017032139 | R78: =Q78^2 -> 0.00029009376 | T78: =2*(O78-G78)*(1-O78)*O78 -> -0.00057030568 | U78: =2*(O78-G78)*(1-O78)*O78*C78 -> -0.0034218341 | V78: =2*(O78-G78)*(1-O78)*O78*D78 -> -0.0015398253 | W78: =2*(O78-G78)*(1-O78)*O78*E78 -> -0.002908559 | X78: =2*(O78-G78)*(1-O78)*O78*F78 -> -0.00091248908
B79: 75 | C79: 5.4 | D79: 3 | E79: 4.5 | F79: 1.5 | G79: 1 | I79: =I78-K2*T78 -> 0.42850235 | J79: =J78-K2*U78 -> -0.21007414 | K79: =K78-K2*V78 -> 0.23185161 | L79: =L78-K2*W78 -> 0.65281571 | M79: =M78-K2*X78 -> 0.5851329 | N79: =I79+J79*C79+K79*D79+L79*E79+F79*M79 -> 3.8050268 | O79: =1/(1+EXP(-N79)) -> 0.97822606 | P79: =IF(O79>0.5,1,0) -> 1 | Q79: =O79-G79 -> -0.021773942 | R79: =Q79^2 -> 0.00047410456 | T79: =2*(O79-G79)*(1-O79)*O79 -> -0.00092756287 | U79: =2*(O79-G79)*(1-O79)*O79*C79 -> -0.0050088395 | V79: =2*(O79-G79)*(1-O79)*O79*D79 -> -0.0027826886 | W79: =2*(O79-G79)*(1-O79)*O79*E79 -> -0.0041740329 | X79: =2*(O79-G79)*(1-O79)*O79*F79 -> -0.0013913443
B80: 76 | C80: 6 | D80: 3.4 | E80: 4.5 | F80: 1.6 | G80: 1 | I80: =I79-K2*T79 -> 0.42859511 | J80: =J79-K2*U79 -> -0.20957326 | K80: =K79-K2*V79 -> 0.23212988 | L80: =L79-K2*W79 -> 0.65323311 | M80: =M79-K2*X79 -> 0.58527203 | N80: =I80+J80*C80+K80*D80+L80*E80+F80*M80 -> 3.8363814 | O80: =1/(1+EXP(-N80)) -> 0.97888399 | P80: =IF(O80>0.5,1,0) -> 1 | Q80: =O80-G80 -> -0.021116015 | R80: =Q80^2 -> 0.00044588607 | T80: =2*(O80-G80)*(1-O80)*O80 -> -0.00087294147 | U80: =2*(O80-G80)*(1-O80)*O80*C80 -> -0.0052376488 | V80: =2*(O80-G80)*(1-O80)*O80*D80 -> -0.002968001 | W80: =2*(O80-G80)*(1-O80)*O80*E80 -> -0.0039282366 | X80: =2*(O80-G80)*(1-O80)*O80*F80 -> -0.0013967064
B81: 77 | C81: 6.7 | D81: 3.1 | E81: 4.7 | F81: 1.5 | G81: 1 | I81: =I80-K2*T80 -> 0.4286824 | J81: =J80-K2*U80 -> -0.2090495 | K81: =K80-K2*V80 -> 0.23242668 | L81: =L80-K2*W80 -> 0.65362594 | M81: =M80-K2*X80 -> 0.5854117 | N81: =I81+J81*C81+K81*D81+L81*E81+F81*M81 -> 3.6987329 | O81: =1/(1+EXP(-N81)) -> 0.97584313 | P81: =IF(O81>0.5,1,0) -> 1 | Q81: =O81-G81 -> -0.024156872 | R81: =Q81^2 -> 0.00058355447 | T81: =2*(O81-G81)*(1-O81)*O81 -> -0.0011389152 | U81: =2*(O81-G81)*(1-O81)*O81*C81 -> -0.0076307321 | V81: =2*(O81-G81)*(1-O81)*O81*D81 -> -0.0035306373 | W81: =2*(O81-G81)*(1-O81)*O81*E81 -> -0.0053529016 | X81: =2*(O81-G81)*(1-O81)*O81*F81 -> -0.0017083729
B82: 78 | C82: 6.3 | D82: 2.3 | E82: 4.4 | F82: 1.3 | G82: 1 | I82: =I81-K2*T81 -> 0.4287963 | J82: =J81-K2*U81 -> -0.20828642 | K82: =K81-K2*V81 -> 0.23277974 | L82: =L81-K2*W81 -> 0.65416123 | M82: =M81-K2*X81 -> 0.58558254 | N82: =I82+J82*C82+K82*D82+L82*E82+F82*M82 -> 3.2915519 | O82: =1/(1+EXP(-N82)) -> 0.96413785 | P82: =IF(O82>0.5,1,0) -> 1 | Q82: =O82-G82 -> -0.035862147 | R82: =Q82^2 -> 0.0012860936 | T82: =2*(O82-G82)*(1-O82)*O82 -> -0.002479943 | U82: =2*(O82-G82)*(1-O82)*O82*C82 -> -0.015623641 | V82: =2*(O82-G82)*(1-O82)*O82*D82 -> -0.005703869 | W82: =2*(O82-G82)*(1-O82)*O82*E82 -> -0.010911749 | X82: =2*(O82-G82)*(1-O82)*O82*F82 -> -0.003223926
B83: 79 | C83: 5.6 | D83: 3 | E83: 4.1 | F83: 1.3 | G83: 1 | I83: =I82-K2*T82 -> 0.42904429 | J83: =J82-K2*U82 -> -0.20672406 | K83: =K82-K2*V82 -> 0.23335013 | L83: =L82-K2*W82 -> 0.6552524 | M83: =M82-K2*X82 -> 0.58590493 | N83: =I83+J83*C83+K83*D83+L83*E83+F83*M83 -> 3.4196512 | O83: =1/(1+EXP(-N83)) -> 0.96831307 | P83: =IF(O83>0.5,1,0) -> 1 | Q83: =O83-G83 -> -0.031686928 | R83: =Q83^2 -> 0.0010040614 | T83: =2*(O83-G83)*(1-O83)*O83 -> -0.0019444916 | U83: =2*(O83-G83)*(1-O83)*O83*C83 -> -0.010889153 | V83: =2*(O83-G83)*(1-O83)*O83*D83 -> -0.0058334749 | W83: =2*(O83-G83)*(1-O83)*O83*E83 -> -0.0079724157 | X83: =2*(O83-G83)*(1-O83)*O83*F83 -> -0.0025278391
B84: 80 | C84: 5.5 | D84: 2.5 | E84: 4 | F84: 1.3 | G84: 1 | H84: =SUMPRODUCT(--(P5:P84=G5:G84))/80 -> 0.85 | I84: =I83-K2*T83 -> 0.42923874 | J84: =J83-K2*U83 -> -0.20563514 | K84: =K83-K2*V83 -> 0.23393348 | L84: =L83-K2*W83 -> 0.65604964 | M84: =M83-K2*X83 -> 0.58615772 | N84: =I84+J84*C84+K84*D84+L84*E84+F84*M84 -> 3.2692827 | O84: =1/(1+EXP(-N84)) -> 0.96335986 | P84: =IF(O84>0.5,1,0) -> 1 | Q84: =O84-G84 -> -0.036640137 | R84: =Q84^2 -> 0.0013424996 | S84: =AVERAGE(R5:R84) -> 0.1299649 | T84: =2*(O84-G84)*(1-O84)*O84 -> -0.0025866206 | U84: =2*(O84-G84)*(1-O84)*O84*C84 -> -0.014226413 | V84: =2*(O84-G84)*(1-O84)*O84*D84 -> -0.0064665514 | W84: =2*(O84-G84)*(1-O84)*O84*E84 -> -0.010346482 | X84: =2*(O84-G84)*(1-O84)*O84*F84 -> -0.0033626067
B85: 1 | C85: 5.1 | D85: 3.5 | E85: 1.4 | F85: 0.2 | G85: 0 | I85: =I84-K2*T84 -> 0.4294974 | J85: =J84-K2*U84 -> -0.2042125 | K85: =K84-K2*V84 -> 0.23458013 | L85: =L84-K2*W84 -> 0.65708429 | M85: =M84-K2*X84 -> 0.58649398 | N85: =I85+J85*C85+K85*D85+L85*E85+F85*M85 -> 1.2462609 | O85: =1/(1+EXP(-N85)) -> 0.77665194 | P85: =IF(O85>0.5,1,0) -> 1 | Q85: =O85-G85 -> 0.77665194 | R85: =Q85^2 -> 0.60318823 | T85: =2*(O85-G85)*(1-O85)*O85 -> 0.26944185 | U85: =2*(O85-G85)*(1-O85)*O85*C85 -> 1.3741534 | V85: =2*(O85-G85)*(1-O85)*O85*D85 -> 0.94304646 | W85: =2*(O85-G85)*(1-O85)*O85*E85 -> 0.37721859 | X85: =2*(O85-G85)*(1-O85)*O85*F85 -> 0.053888369
B86: 2 | C86: 4.9 | D86: 3 | E86: 1.4 | F86: 0.2 | G86: 0 | I86: =I85-K2*T85 -> 0.40255322 | J86: =J85-K2*U85 -> -0.34162784 | K86: =K85-K2*V85 -> 0.14027549 | L86: =L85-K2*W85 -> 0.61936243 | M86: =M85-K2*X85 -> 0.58110514 | N86: =I86+J86*C86+K86*D86+L86*E86+F86*M86 -> 0.13273167 | O86: =1/(1+EXP(-N86)) -> 0.53313429 | P86: =IF(O86>0.5,1,0) -> 1 | Q86: =O86-G86 -> 0.53313429 | R86: =Q86^2 -> 0.28423217 | T86: =2*(O86-G86)*(1-O86)*O86 -> 0.26539651 | U86: =2*(O86-G86)*(1-O86)*O86*C86 -> 1.3004429 | V86: =2*(O86-G86)*(1-O86)*O86*D86 -> 0.79618952 | W86: =2*(O86-G86)*(1-O86)*O86*E86 -> 0.37155511 | X86: =2*(O86-G86)*(1-O86)*O86*F86 -> 0.053079301
B87: 3 | C87: 4.7 | D87: 3.2 | E87: 1.3 | F87: 0.2 | G87: 0 | I87: =I86-K2*T86 -> 0.37601357 | J87: =J86-K2*U86 -> -0.47167213 | K87: =K86-K2*V86 -> 0.060656534 | L87: =L86-K2*W86 -> 0.58220692 | M87: =M86-K2*X86 -> 0.57579721 | N87: =I87+J87*C87+K87*D87+L87*E87+F87*M87 -> -0.77471611 | O87: =1/(1+EXP(-N87)) -> 0.3154598 | P87: =IF(O87>0.5,1,0) -> 0 | Q87: =O87-G87 -> 0.3154598 | R87: =Q87^2 -> 0.099514886 | T87: =2*(O87-G87)*(1-O87)*O87 -> 0.13624388 | U87: =2*(O87-G87)*(1-O87)*O87*C87 -> 0.64034624 | V87: =2*(O87-G87)*(1-O87)*O87*D87 -> 0.43598042 | W87: =2*(O87-G87)*(1-O87)*O87*E87 -> 0.17711704 | X87: =2*(O87-G87)*(1-O87)*O87*F87 -> 0.027248776
B88: 4 | C88: 4.6 | D88: 3.1 | E88: 1.5 | F88: 0.2 | G88: 0 | I88: =I87-K2*T87 -> 0.36238918 | J88: =J87-K2*U87 -> -0.53570676 | K88: =K87-K2*V87 -> 0.017058492 | L88: =L87-K2*W87 -> 0.56449522 | M88: =M87-K2*X87 -> 0.57307233 | N88: =I88+J88*C88+K88*D88+L88*E88+F88*M88 -> -1.0876233 | O88: =1/(1+EXP(-N88)) -> 0.25206609 | P88: =IF(O88>0.5,1,0) -> 0 | Q88: =O88-G88 -> 0.25206609 | R88: =Q88^2 -> 0.063537316 | T88: =2*(O88-G88)*(1-O88)*O88 -> 0.095043426 | U88: =2*(O88-G88)*(1-O88)*O88*C88 -> 0.43719976 | V88: =2*(O88-G88)*(1-O88)*O88*D88 -> 0.29463462 | W88: =2*(O88-G88)*(1-O88)*O88*E88 -> 0.14256514 | X88: =2*(O88-G88)*(1-O88)*O88*F88 -> 0.019008685
B89: 5 | C89: 5 | D89: 3.6 | E89: 1.4 | F89: 0.2 | G89: 0 | I89: =I88-K2*T88 -> 0.35288484 | J89: =J88-K2*U88 -> -0.57942673 | K89: =K88-K2*V88 -> -0.01240497 | L89: =L88-K2*W88 -> 0.5502387 | M89: =M88-K2*X88 -> 0.57117146 | N89: =I89+J89*C89+K89*D89+L89*E89+F89*M89 -> -1.7043382 | O89: =1/(1+EXP(-N89)) -> 0.15389952 | P89: =IF(O89>0.5,1,0) -> 0 | Q89: =O89-G89 -> 0.15389952 | R89: =Q89^2 -> 0.023685061 | T89: =2*(O89-G89)*(1-O89)*O89 -> 0.040079883 | U89: =2*(O89-G89)*(1-O89)*O89*C89 -> 0.20039941 | V89: =2*(O89-G89)*(1-O89)*O89*D89 -> 0.14428758 | W89: =2*(O89-G89)*(1-O89)*O89*E89 -> 0.056111836 | X89: =2*(O89-G89)*(1-O89)*O89*F89 -> 0.0080159766
B90: 6 | C90: 5.4 | D90: 3.9 | E90: 1.7 | F90: 0.4 | G90: 0 | I90: =I89-K2*T89 -> 0.34887685 | J90: =J89-K2*U89 -> -0.59946667 | K90: =K89-K2*V89 -> -0.026833728 | L90: =L89-K2*W89 -> 0.54462752 | M90: =M89-K2*X89 -> 0.57036986 | N90: =I90+J90*C90+K90*D90+L90*E90+F90*M90 -> -1.83888 | O90: =1/(1+EXP(-N90)) -> 0.13718381 | P90: =IF(O90>0.5,1,0) -> 0 | Q90: =O90-G90 -> 0.13718381 | R90: =Q90^2 -> 0.018819397 | T90: =2*(O90-G90)*(1-O90)*O90 -> 0.032475361 | U90: =2*(O90-G90)*(1-O90)*O90*C90 -> 0.17536695 | V90: =2*(O90-G90)*(1-O90)*O90*D90 -> 0.12665391 | W90: =2*(O90-G90)*(1-O90)*O90*E90 -> 0.055208114 | X90: =2*(O90-G90)*(1-O90)*O90*F90 -> 0.012990144
B91: 7 | C91: 4.6 | D91: 3.4 | E91: 1.4 | F91: 0.3 | G91: 0 | I91: =I90-K2*T90 -> 0.34562931 | J91: =J90-K2*U90 -> -0.61700337 | K91: =K90-K2*V90 -> -0.039499118 | L91: =L90-K2*W90 -> 0.53910671 | M91: =M90-K2*X90 -> 0.56907085 | N91: =I91+J91*C91+K91*D91+L91*E91+F91*M91 -> -1.7014125 | O91: =1/(1+EXP(-N91)) -> 0.15428087 | P91: =IF(O91>0.5,1,0) -> 0 | Q91: =O91-G91 -> 0.15428087 | R91: =Q91^2 -> 0.023802587 | T91: =2*(O91-G91)*(1-O91)*O91 -> 0.040260606 | U91: =2*(O91-G91)*(1-O91)*O91*C91 -> 0.18519879 | V91: =2*(O91-G91)*(1-O91)*O91*D91 -> 0.13688606 | W91: =2*(O91-G91)*(1-O91)*O91*E91 -> 0.056364848 | X91: =2*(O91-G91)*(1-O91)*O91*F91 -> 0.012078182
B92: 8 | C92: 5 | D92: 3.4 | E92: 1.5 | F92: 0.2 | G92: 0 | I92: =I91-K2*T91 -> 0.34160325 | J92: =J91-K2*U91 -> -0.63552325 | K92: =K91-K2*V91 -> -0.053187724 | L92: =L91-K2*W91 -> 0.53347022 | M92: =M91-K2*X91 -> 0.56786303 | N92: =I92+J92*C92+K92*D92+L92*E92+F92*M92 -> -2.1030733 | O92: =1/(1+EXP(-N92)) -> 0.10879847 | P92: =IF(O92>0.5,1,0) -> 0 | Q92: =O92-G92 -> 0.10879847 | R92: =Q92^2 -> 0.011837107 | T92: =2*(O92-G92)*(1-O92)*O92 -> 0.021098496 | U92: =2*(O92-G92)*(1-O92)*O92*C92 -> 0.10549248 | V92: =2*(O92-G92)*(1-O92)*O92*D92 -> 0.071734887 | W92: =2*(O92-G92)*(1-O92)*O92*E92 -> 0.031647744 | X92: =2*(O92-G92)*(1-O92)*O92*F92 -> 0.0042196992
B93: 9 | C93: 4.4 | D93: 2.9 | E93: 1.4 | F93: 0.2 | G93: 0 | I93: =I92-K2*T92 -> 0.3394934 | J93: =J92-K2*U92 -> -0.6460725 | K93: =K92-K2*V92 -> -0.060361213 | L93: =L92-K2*W92 -> 0.53030545 | M93: =M92-K2*X92 -> 0.56744106 | N93: =I93+J93*C93+K93*D93+L93*E93+F93*M93 -> -1.8223573 | O93: =1/(1+EXP(-N93)) -> 0.13915126 | P93: =IF(O93>0.5,1,0) -> 0 | Q93: =O93-G93 -> 0.13915126 | R93: =Q93^2 -> 0.019363074 | T93: =2*(O93-G93)*(1-O93)*O93 -> 0.033337355 | U93: =2*(O93-G93)*(1-O93)*O93*C93 -> 0.14668436 | V93: =2*(O93-G93)*(1-O93)*O93*D93 -> 0.096678329 | W93: =2*(O93-G93)*(1-O93)*O93*E93 -> 0.046672297 | X93: =2*(O93-G93)*(1-O93)*O93*F93 -> 0.006667471
B94: 10 | C94: 4.9 | D94: 3.1 | E94: 1.5 | F94: 0.1 | G94: 0 | I94: =I93-K2*T93 -> 0.33615967 | J94: =J93-K2*U93 -> -0.66074093 | K94: =K93-K2*V93 -> -0.070029046 | L94: =L93-K2*W93 -> 0.52563822 | M94: =M93-K2*X93 -> 0.56677432 | N94: =I94+J94*C94+K94*D94+L94*E94+F94*M94 -> -2.2734262 | O94: =1/(1+EXP(-N94)) -> 0.093347837 | P94: =IF(O94>0.5,1,0) -> 0 | Q94: =O94-G94 -> 0.093347837 | R94: =Q94^2 -> 0.0087138186 | T94: =2*(O94-G94)*(1-O94)*O94 -> 0.015800805 | U94: =2*(O94-G94)*(1-O94)*O94*C94 -> 0.077423944 | V94: =2*(O94-G94)*(1-O94)*O94*D94 -> 0.048982495 | W94: =2*(O94-G94)*(1-O94)*O94*E94 -> 0.023701207 | X94: =2*(O94-G94)*(1-O94)*O94*F94 -> 0.0015800805
B95: 11 | C95: 5.4 | D95: 3.7 | E95: 1.5 | F95: 0.2 | G95: 0 | I95: =I94-K2*T94 -> 0.33457958 | J95: =J94-K2*U94 -> -0.66848333 | K95: =K94-K2*V94 -> -0.074927296 | L95: =L94-K2*W94 -> 0.5232681 | M95: =M94-K2*X94 -> 0.56661631 | N95: =I95+J95*C95+K95*D95+L95*E95+F95*M95 -> -2.654236 | O95: =1/(1+EXP(-N95)) -> 0.065728408 | P95: =IF(O95>0.5,1,0) -> 0 | Q95: =O95-G95 -> 0.065728408 | R95: =Q95^2 -> 0.0043202236 | T95: =2*(O95-G95)*(1-O95)*O95 -> 0.0080725244 | U95: =2*(O95-G95)*(1-O95)*O95*C95 -> 0.043591632 | V95: =2*(O95-G95)*(1-O95)*O95*D95 -> 0.02986834 | W95: =2*(O95-G95)*(1-O95)*O95*E95 -> 0.012108787 | X95: =2*(O95-G95)*(1-O95)*O95*F95 -> 0.0016145049
B96: 12 | C96: 4.8 | D96: 3.4 | E96: 1.6 | F96: 0.2 | G96: 0 | I96: =I95-K2*T95 -> 0.33377233 | J96: =J95-K2*U95 -> -0.67284249 | K96: =K95-K2*V95 -> -0.07791413 | L96: =L95-K2*W95 -> 0.52205722 | M96: =M95-K2*X95 -> 0.56645486 | N96: =I96+J96*C96+K96*D96+L96*E96+F96*M96 -> -2.2121971 | O96: =1/(1+EXP(-N96)) -> 0.098660517 | P96: =IF(O96>0.5,1,0) -> 0 | Q96: =O96-G96 -> 0.098660517 | R96: =Q96^2 -> 0.0097338977 | T96: =2*(O96-G96)*(1-O96)*O96 -> 0.017547093 | U96: =2*(O96-G96)*(1-O96)*O96*C96 -> 0.084226045 | V96: =2*(O96-G96)*(1-O96)*O96*D96 -> 0.059660115 | W96: =2*(O96-G96)*(1-O96)*O96*E96 -> 0.028075348 | X96: =2*(O96-G96)*(1-O96)*O96*F96 -> 0.0035094185
B97: 13 | C97: 4.8 | D97: 3 | E97: 1.4 | F97: 0.1 | G97: 0 | I97: =I96-K2*T96 -> 0.33201762 | J97: =J96-K2*U96 -> -0.68126509 | K97: =K96-K2*V96 -> -0.083880141 | L97: =L96-K2*W96 -> 0.51924969 | M97: =M96-K2*X96 -> 0.56610391 | N97: =I97+J97*C97+K97*D97+L97*E97+F97*M97 -> -2.4061353 | O97: =1/(1+EXP(-N97)) -> 0.082706044 | P97: =IF(O97>0.5,1,0) -> 0 | Q97: =O97-G97 -> 0.082706044 | R97: =Q97^2 -> 0.0068402898 | T97: =2*(O97-G97)*(1-O97)*O97 -> 0.012549113 | U97: =2*(O97-G97)*(1-O97)*O97*C97 -> 0.060235742 | V97: =2*(O97-G97)*(1-O97)*O97*D97 -> 0.037647339 | W97: =2*(O97-G97)*(1-O97)*O97*E97 -> 0.017568758 | X97: =2*(O97-G97)*(1-O97)*O97*F97 -> 0.0012549113
B98: 14 | C98: 4.3 | D98: 3 | E98: 1.1 | F98: 0.1 | G98: 0 | I98: =I97-K2*T97 -> 0.33076271 | J98: =J97-K2*U97 -> -0.68728867 | K98: =K97-K2*V97 -> -0.087644875 | L98: =L97-K2*W97 -> 0.51749281 | M98: =M97-K2*X97 -> 0.56597842 | N98: =I98+J98*C98+K98*D98+L98*E98+F98*M98 -> -2.2616733 | O98: =1/(1+EXP(-N98)) -> 0.0943473 | P98: =IF(O98>0.5,1,0) -> 0 | Q98: =O98-G98 -> 0.0943473 | R98: =Q98^2 -> 0.0089014129 | T98: =2*(O98-G98)*(1-O98)*O98 -> 0.016123177 | U98: =2*(O98-G98)*(1-O98)*O98*C98 -> 0.069329662 | V98: =2*(O98-G98)*(1-O98)*O98*D98 -> 0.048369532 | W98: =2*(O98-G98)*(1-O98)*O98*E98 -> 0.017735495 | X98: =2*(O98-G98)*(1-O98)*O98*F98 -> 0.0016123177
B99: 15 | C99: 5.8 | D99: 4 | E99: 1.2 | F99: 0.2 | G99: 0 | I99: =I98-K2*T98 -> 0.32915039 | J99: =J98-K2*U98 -> -0.69422163 | K99: =K98-K2*V98 -> -0.092481828 | L99: =L98-K2*W98 -> 0.51571926 | M99: =M98-K2*X98 -> 0.56581719 | N99: =I99+J99*C99+K99*D99+L99*E99+F99*M99 -> -3.3352358 | O99: =1/(1+EXP(-N99)) -> 0.034381977 | P99: =IF(O99>0.5,1,0) -> 0 | Q99: =O99-G99 -> 0.034381977 | R99: =Q99^2 -> 0.0011821203 | T99: =2*(O99-G99)*(1-O99)*O99 -> 0.0022829534 | U99: =2*(O99-G99)*(1-O99)*O99*C99 -> 0.01324113 | V99: =2*(O99-G99)*(1-O99)*O99*D99 -> 0.0091318135 | W99: =2*(O99-G99)*(1-O99)*O99*E99 -> 0.002739544 | X99: =2*(O99-G99)*(1-O99)*O99*F99 -> 0.00045659067
B100: 16 | C100: 5.7 | D100: 4.4 | E100: 1.5 | F100: 0.4 | G100: 0 | I100: =I99-K2*T99 -> 0.3289221 | J100: =J99-K2*U99 -> -0.69554575 | K100: =K99-K2*V99 -> -0.09339501 | L100: =L99-K2*W99 -> 0.51544531 | M100: =M99-K2*X99 -> 0.56577153 | N100: =I100+J100*C100+K100*D100+L100*E100+F100*M100 -> -3.0471501 | O100: =1/(1+EXP(-N100)) -> 0.04534067 | P100: =IF(O100>0.5,1,0) -> 0 | Q100: =O100-G100 -> 0.04534067 | R100: =Q100^2 -> 0.0020557764 | T100: =2*(O100-G100)*(1-O100)*O100 -> 0.0039251322 | U100: =2*(O100-G100)*(1-O100)*O100*C100 -> 0.022373253 | V100: =2*(O100-G100)*(1-O100)*O100*D100 -> 0.017270582 | W100: =2*(O100-G100)*(1-O100)*O100*E100 -> 0.0058876983 | X100: =2*(O100-G100)*(1-O100)*O100*F100 -> 0.0015700529
B101: 17 | C101: 5.4 | D101: 3.9 | E101: 1.3 | F101: 0.4 | G101: 0 | I101: =I100-K2*T100 -> 0.32852959 | J101: =J100-K2*U100 -> -0.69778307 | K101: =K100-K2*V100 -> -0.095122068 | L101: =L100-K2*W100 -> 0.51485654 | M101: =M100-K2*X100 -> 0.56561453 | N101: =I101+J101*C101+K101*D101+L101*E101+F101*M101 -> -2.9149158 | O101: =1/(1+EXP(-N101)) -> 0.05142113 | P101: =IF(O101>0.5,1,0) -> 0 | Q101: =O101-G101 -> 0.05142113 | R101: =Q101^2 -> 0.0026441326 | T101: =2*(O101-G101)*(1-O101)*O101 -> 0.0050163367 | U101: =2*(O101-G101)*(1-O101)*O101*C101 -> 0.027088218 | V101: =2*(O101-G101)*(1-O101)*O101*D101 -> 0.019563713 | W101: =2*(O101-G101)*(1-O101)*O101*E101 -> 0.0065212377 | X101: =2*(O101-G101)*(1-O101)*O101*F101 -> 0.0020065347
...

Sheet SLP-Validation
I2: in validation, bias and teta are obtained from training for each epoch | AF2: Epoch | AG2: MSE | AH2: MSE(Val)
Z3: Epoch | AA3: MSE (Val) | AB3: Accuracy (Val) | AF3: 1 | AG3: 0.1299649 | AH3: 0.090967615
G4: Setosa = 0 | I4: Learning Rate | K4: 0.1 | W4: 0 | Z4: 1 | AA4: =S26 -> 0.090967615 | AB4: =H26 -> 0.85 | AF4: 2 | AG4: 0.034548306 | AH4: 0.060245072
G5: Versicolor = 1 | H5: Accuracy | I5: Bobot bias | N5: dot product | O5: Sigmoid | P5: Prediksi | Q5: error | R5: Sum Square Error | S5: MSE (avg) | Z5: 2 | AA5: =S46 -> 0.060245072 | AB5: =H46 -> 0.95 | AF5: 3 | AG5: 0.022989957 | AH5: 0.042968768
A6: EPOCH | B6: No | C6: X1 | D6: X2 | E6: X3 | F6: X4 | G6: TARGET | I6: bias | J6: teta1 | K6: teta2 | L6: teta 3 | M6: teta4 | N6: z | O6: g(z) | Z6: 3 | AA6: =S66 -> 0.042968768 | AB6: =H66 -> 0.95 | AF6: 4 | AG6: 0.016535227 | AH6: 0.032918119
A7: epoch1 | B7: 1 | C7: 5 | D7: 3.5 | E7: 1.3 | F7: 0.3 | G7: 0 | I7: ='SLP-Training'!I84-'SLP-Training'!$K$2*'SLP-Training'!T84 -> 0.4294974 | J7: ='SLP-Training'!J84-'SLP-Training'!$K$2*'SLP-Training'!U84 -> -0.2042125 | K7: ='SLP-Training'!K84-'SLP-Training'!$K$2*'SLP-Training'!V84 -> 0.23458013 | L7: ='SLP-Training'!L84-'SLP-Training'!$K$2*'SLP-Training'!W84 -> 0.65708429 | M7: ='SLP-Training'!M84-'SLP-Training'!$K$2*'SLP-Training'!X84 -> 0.58649398 | N7: =I7+J7*C7+K7*D7+L7*E7+F7*M7 -> 1.2596231 | O7: =1/(1+EXP(-N7)) -> 0.77896122 | P7: =IF(O7>0.5,1,0) -> 1 | Q7: =O7-G7 -> 0.77896122 | R7: =Q7^2 -> 0.60678059 | T7: =2*(O7-G7)*(1-O7)*O7 -> 0.26824408 | U7: =2*(O7-G7)*(1-O7)*O7*C7 -> 1.3412204 | V7: =2*(O7-G7)*(1-O7)*O7*D7 -> 0.93885427 | W7: =2*(O7-G7)*(1-O7)*O7*E7 -> 0.3487173 | X7: =2*(O7-G7)*(1-O7)*O7*F7 -> 0.080473223 | Z7: 4 | AA7: =S86 -> 0.032918119 | AB7: =H86 -> 1 | AF7: 5 | AG7: 0.012222388 | AH7: 0.026561283
B8: 2 | C8: 4.5 | D8: 2.3 | E8: 1.3 | F8: 0.3 | G8: 0 | I8: =I7-K4*T7 -> 0.40267299 | J8: =J7-K4*U7 -> -0.33833454 | K8: =K7-K4*V7 -> 0.14069471 | L8: =L7-K4*W7 -> 0.62221256 | M8: =M7-K4*X7 -> 0.57844665 | N8: =I8+J8*C8+K8*D8+L8*E8+F8*M8 -> 0.18617571 | O8: =1/(1+EXP(-N8)) -> 0.54640995 | P8: =IF(O8>0.5,1,0) -> 1 | Q8: =O8-G8 -> 0.54640995 | R8: =Q8^2 -> 0.29856384 | T8: =2*(O8-G8)*(1-O8)*O8 -> 0.27085117 | U8: =2*(O8-G8)*(1-O8)*O8*C8 -> 1.2188303 | V8: =2*(O8-G8)*(1-O8)*O8*D8 -> 0.62295769 | W8: =2*(O8-G8)*(1-O8)*O8*E8 -> 0.35210652 | X8: =2*(O8-G8)*(1-O8)*O8*F8 -> 0.081255351 | Z8: 5 | AA8: =S106 -> 0.026561283 | AB8: =H106 -> 1
B9: 3 | C9: 4.4 | D9: 3.2 | E9: 1.3 | F9: 0.2 | G9: 0 | I9: =I8-K4*T8 -> 0.37558788 | J9: =J8-K4*U8 -> -0.46021757 | K9: =K8-K4*V8 -> 0.078398936 | L9: =L8-K4*W8 -> 0.58700191 | M9: =M8-K4*X8 -> 0.57032112 | N9: =I9+J9*C9+K9*D9+L9*E9+F9*M9 -> -0.52132611 | O9: =1/(1+EXP(-N9)) -> 0.3725422 | P9: =IF(O9>0.5,1,0) -> 0 | Q9: =O9-G9 -> 0.3725422 | R9: =Q9^2 -> 0.13878769 | T9: =2*(O9-G9)*(1-O9)*O9 -> 0.17416684 | U9: =2*(O9-G9)*(1-O9)*O9*C9 -> 0.76633408 | V9: =2*(O9-G9)*(1-O9)*O9*D9 -> 0.55733387 | W9: =2*(O9-G9)*(1-O9)*O9*E9 -> 0.22641689 | X9: =2*(O9-G9)*(1-O9)*O9*F9 -> 0.034833367
B10: 4 | C10: 5 | D10: 3.5 | E10: 1.6 | F10: 0.6 | G10: 0 | I10: =I9-K4*T9 -> 0.35817119 | J10: =J9-K4*U9 -> -0.53685097 | K10: =K9-K4*V9 -> 0.022665549 | L10: =L9-K4*W9 -> 0.56436022 | M10: =M9-K4*X9 -> 0.56683778 | N10: =I10+J10*C10+K10*D10+L10*E10+F10*M10 -> -1.0036752 | O10: =1/(1+EXP(-N10)) -> 0.26821944 | P10: =IF(O10>0.5,1,0) -> 0 | Q10: =O10-G10 -> 0.26821944 | R10: =Q10^2 -> 0.071941668 | T10: =2*(O10-G10)*(1-O10)*O10 -> 0.10529103 | U10: =2*(O10-G10)*(1-O10)*O10*C10 -> 0.52645514 | V10: =2*(O10-G10)*(1-O10)*O10*D10 -> 0.3685186 | W10: =2*(O10-G10)*(1-O10)*O10*E10 -> 0.16846565 | X10: =2*(O10-G10)*(1-O10)*O10*F10 -> 0.063174617
B11: 5 | C11: 5.1 | D11: 3.8 | E11: 1.9 | F11: 0.4 | G11: 0 | I11: =I10-K4*T10 -> 0.34764209 | J11: =J10-K4*U10 -> -0.58949649 | K11: =K10-K4*V10 -> -0.014186311 | L11: =L10-K4*W10 -> 0.54751366 | M11: =M10-K4*X10 -> 0.56052032 | N11: =I11+J11*C11+K11*D11+L11*E11+F11*M11 -> -1.4482139 | O11: =1/(1+EXP(-N11)) -> 0.1902766 | P11: =IF(O11>0.5,1,0) -> 0 | Q11: =O11-G11 -> 0.1902766 | R11: =Q11^2 -> 0.036205184 | T11: =2*(O11-G11)*(1-O11)*O11 -> 0.05863237 | U11: =2*(O11-G11)*(1-O11)*O11*C11 -> 0.29902509 | V11: =2*(O11-G11)*(1-O11)*O11*D11 -> 0.22280301 | W11: =2*(O11-G11)*(1-O11)*O11*E11 -> 0.1114015 | X11: =2*(O11-G11)*(1-O11)*O11*F11 -> 0.023452948
B12: 6 | C12: 4.8 | D12: 3 | E12: 1.4 | F12: 0.3 | G12: 0 | I12: =I11-K4*T11 -> 0.34177885 | J12: =J11-K4*U11 -> -0.619399 | K12: =K11-K4*V11 -> -0.036466612 | L12: =L11-K4*W11 -> 0.53637351 | M12: =M11-K4*X11 -> 0.55817503 | N12: =I12+J12*C12+K12*D12+L12*E12+F12*M12 -> -1.8223608 | O12: =1/(1+EXP(-N12)) -> 0.13915084 | P12: =IF(O12>0.5,1,0) -> 0 | Q12: =O12-G12 -> 0.13915084 | R12: =Q12^2 -> 0.019362957 | T12: =2*(O12-G12)*(1-O12)*O12 -> 0.03333717 | U12: =2*(O12-G12)*(1-O12)*O12*C12 -> 0.16001842 | V12: =2*(O12-G12)*(1-O12)*O12*D12 -> 0.10001151 | W12: =2*(O12-G12)*(1-O12)*O12*E12 -> 0.046672039 | X12: =2*(O12-G12)*(1-O12)*O12*F12 -> 0.010001151
B13: 7 | C13: 5.1 | D13: 3.8 | E13: 1.6 | F13: 0.2 | G13: 0 | I13: =I12-K4*T12 -> 0.33844514 | J13: =J12-K4*U12 -> -0.63540084 | K13: =K12-K4*V12 -> -0.046467763 | L13: =L12-K4*W12 -> 0.5317063 | M13: =M12-K4*X12 -> 0.55717491 | N13: =I13+J13*C13+K13*D13+L13*E13+F13*M13 -> -2.1165116 | O13: =1/(1+EXP(-N13)) -> 0.10750231 | P13: =IF(O13>0.5,1,0) -> 0 | Q13: =O13-G13 -> 0.10750231 | R13: =Q13^2 -> 0.011556747 | T13: =2*(O13-G13)*(1-O13)*O13 -> 0.02062874 | U13: =2*(O13-G13)*(1-O13)*O13*C13 -> 0.10520657 | V13: =2*(O13-G13)*(1-O13)*O13*D13 -> 0.078389212 | W13: =2*(O13-G13)*(1-O13)*O13*E13 -> 0.033005984 | X13: =2*(O13-G13)*(1-O13)*O13*F13 -> 0.004125748
B14: 8 | C14: 4.6 | D14: 3.2 | E14: 1.4 | F14: 0.2 | G14: 0 | I14: =I13-K4*T13 -> 0.33638226 | J14: =J13-K4*U13 -> -0.6459215 | K14: =K13-K4*V13 -> -0.054306684 | L14: =L13-K4*W13 -> 0.5284057 | M14: =M13-K4*X13 -> 0.55676234 | N14: =I14+J14*C14+K14*D14+L14*E14+F14*M14 -> -1.9575176 | O14: =1/(1+EXP(-N14)) -> 0.12373596 | P14: =IF(O14>0.5,1,0) -> 0 | Q14: =O14-G14 -> 0.12373596 | R14: =Q14^2 -> 0.015310587 | T14: =2*(O14-G14)*(1-O14)*O14 -> 0.026832233 | U14: =2*(O14-G14)*(1-O14)*O14*C14 -> 0.12342827 | V14: =2*(O14-G14)*(1-O14)*O14*D14 -> 0.085863147 | W14: =2*(O14-G14)*(1-O14)*O14*E14 -> 0.037565127 | X14: =2*(O14-G14)*(1-O14)*O14*F14 -> 0.0053664467
B15: 9 | C15: 5.3 | D15: 3.7 | E15: 1.5 | F15: 0.2 | G15: 0 | I15: =I14-K4*T14 -> 0.33369904 | J15: =J14-K4*U14 -> -0.65826432 | K15: =K14-K4*V14 -> -0.062892999 | L15: =L14-K4*W14 -> 0.52464919 | M15: =M14-K4*X14 -> 0.55622569 | N15: =I15+J15*C15+K15*D15+L15*E15+F15*M15 -> -2.489587 | O15: =1/(1+EXP(-N15)) -> 0.076591398 | P15: =IF(O15>0.5,1,0) -> 0 | Q15: =O15-G15 -> 0.076591398 | R15: =Q15^2 -> 0.0058662423 | T15: =2*(O15-G15)*(1-O15)*O15 -> 0.010833877 | U15: =2*(O15-G15)*(1-O15)*O15*C15 -> 0.057419549 | V15: =2*(O15-G15)*(1-O15)*O15*D15 -> 0.040085346 | W15: =2*(O15-G15)*(1-O15)*O15*E15 -> 0.016250816 | X15: =2*(O15-G15)*(1-O15)*O15*F15 -> 0.0021667754
B16: 10 | C16: 5 | D16: 3.3 | E16: 1.4 | F16: 0.2 | G16: 0 | I16: =I15-K4*T15 -> 0.33261565 | J16: =J15-K4*U15 -> -0.66400628 | K16: =K15-K4*V15 -> -0.066901533 | L16: =L15-K4*W15 -> 0.52302411 | M16: =M15-K4*X15 -> 0.55600901 | N16: =I16+J16*C16+K16*D16+L16*E16+F16*M16 -> -2.3647552 | O16: =1/(1+EXP(-N16)) -> 0.085900071 | P16: =IF(O16>0.5,1,0) -> 0 | Q16: =O16-G16 -> 0.085900071 | R16: =Q16^2 -> 0.0073788221 | T16: =2*(O16-G16)*(1-O16)*O16 -> 0.013489962 | U16: =2*(O16-G16)*(1-O16)*O16*C16 -> 0.067449808 | V16: =2*(O16-G16)*(1-O16)*O16*D16 -> 0.044516873 | W16: =2*(O16-G16)*(1-O16)*O16*E16 -> 0.018885946 | X16: =2*(O16-G16)*(1-O16)*O16*F16 -> 0.0026979923
B17: 11 | C17: 5.5 | D17: 2.6 | E17: 4.4 | F17: 1.2 | G17: 1 | I17: =I16-K4*T16 -> 0.33126666 | J17: =J16-K4*U16 -> -0.67075126 | K17: =K16-K4*V16 -> -0.07135322 | L17: =L16-K4*W16 -> 0.52113552 | M17: =M16-K4*X16 -> 0.55573921 | N17: =I17+J17*C17+K17*D17+L17*E17+F17*M17 -> -0.58350032 | O17: =1/(1+EXP(-N17)) -> 0.35812757 | P17: =IF(O17>0.5,1,0) -> 0 | Q17: =O17-G17 -> -0.64187243 | R17: =Q17^2 -> 0.41200022 | T17: =2*(O17-G17)*(1-O17)*O17 -> -0.29509727 | U17: =2*(O17-G17)*(1-O17)*O17*C17 -> -1.623035 | V17: =2*(O17-G17)*(1-O17)*O17*D17 -> -0.76725291 | W17: =2*(O17-G17)*(1-O17)*O17*E17 -> -1.298428 | X17: =2*(O17-G17)*(1-O17)*O17*F17 -> -0.35411673
B18: 12 | C18: 6.1 | D18: 3 | E18: 4.6 | F18: 1.4 | G18: 1 | I18: =I17-K4*T17 -> 0.36077638 | J18: =J17-K4*U17 -> -0.50844776 | K18: =K17-K4*V17 -> 0.0053720704 | L18: =L17-K4*W17 -> 0.65097832 | M18: =M17-K4*X17 -> 0.59115089 | N18: =I18+J18*C18+K18*D18+L18*E18+F18*M18 -> 1.0974728 | O18: =1/(1+EXP(-N18)) -> 0.74978628 | P18: =IF(O18>0.5,1,0) -> 1 | Q18: =O18-G18 -> -0.25021372 | R18: =Q18^2 -> 0.062606908 | T18: =2*(O18-G18)*(1-O18)*O18 -> -0.0938836 | U18: =2*(O18-G18)*(1-O18)*O18*C18 -> -0.57268996 | V18: =2*(O18-G18)*(1-O18)*O18*D18 -> -0.2816508 | W18: =2*(O18-G18)*(1-O18)*O18*E18 -> -0.43186456 | X18: =2*(O18-G18)*(1-O18)*O18*F18 -> -0.13143704
B19: 13 | C19: 5.8 | D19: 2.6 | E19: 4 | F19: 1.2 | G19: 1 | I19: =I18-K4*T18 -> 0.37016474 | J19: =J18-K4*U18 -> -0.45117876 | K19: =K18-K4*V18 -> 0.033537151 | L19: =L18-K4*W18 -> 0.69416477 | M19: =M18-K4*X18 -> 0.60429459 | N19: =I19+J19*C19+K19*D19+L19*E19+F19*M19 -> 1.3423371 | O19: =1/(1+EXP(-N19)) -> 0.79287401 | P19: =IF(O19>0.5,1,0) -> 1 | Q19: =O19-G19 -> -0.20712599 | R19: =Q19^2 -> 0.042901174 | T19: =2*(O19-G19)*(1-O19)*O19 -> -0.068030452 | U19: =2*(O19-G19)*(1-O19)*O19*C19 -> -0.39457662 | V19: =2*(O19-G19)*(1-O19)*O19*D19 -> -0.17687918 | W19: =2*(O19-G19)*(1-O19)*O19*E19 -> -0.27212181 | X19: =2*(O19-G19)*(1-O19)*O19*F19 -> -0.081636543
B20: 14 | C20: 5 | D20: 2.3 | E20: 3.3 | F20: 1 | G20: 1 | I20: =I19-K4*T19 -> 0.37696779 | J20: =J19-K4*U19 -> -0.4117211 | K20: =K19-K4*V19 -> 0.051225068 | L20: =L19-K4*W19 -> 0.72137695 | M20: =M19-K4*X19 -> 0.61245824 | N20: =I20+J20*C20+K20*D20+L20*E20+F20*M20 -> 1.4291821 | O20: =1/(1+EXP(-N20)) -> 0.80677385 | P20: =IF(O20>0.5,1,0) -> 1 | Q20: =O20-G20 -> -0.19322615 | R20: =Q20^2 -> 0.037336345 | T20: =2*(O20-G20)*(1-O20)*O20 -> -0.060243974 | U20: =2*(O20-G20)*(1-O20)*O20*C20 -> -0.30121987 | V20: =2*(O20-G20)*(1-O20)*O20*D20 -> -0.13856114 | W20: =2*(O20-G20)*(1-O20)*O20*E20 -> -0.19880511 | X20: =2*(O20-G20)*(1-O20)*O20*F20 -> -0.060243974
B21: 15 | C21: 5.6 | D21: 2.7 | E21: 4.2 | F21: 1.3 | G21: 1 | I21: =I20-K4*T20 -> 0.38299219 | J21: =J20-K4*U20 -> -0.38159911 | K21: =K20-K4*V20 -> 0.065081182 | L21: =L20-K4*W20 -> 0.74125746 | M21: =M20-K4*X20 -> 0.61848264 | N21: =I21+J21*C21+K21*D21+L21*E21+F21*M21 -> 2.3390651 | O21: =1/(1+EXP(-N21)) -> 0.91206113 | P21: =IF(O21>0.5,1,0) -> 1 | Q21: =O21-G21 -> -0.087938869 | R21: =Q21^2 -> 0.0077332446 | T21: =2*(O21-G21)*(1-O21)*O21 -> -0.014106384 | U21: =2*(O21-G21)*(1-O21)*O21*C21 -> -0.078995748 | V21: =2*(O21-G21)*(1-O21)*O21*D21 -> -0.038087236 | W21: =2*(O21-G21)*(1-O21)*O21*E21 -> -0.059246811 | X21: =2*(O21-G21)*(1-O21)*O21*F21 -> -0.018338299
B22: 16 | C22: 5.7 | D22: 3 | E22: 4.2 | F22: 1.2 | G22: 1 | I22: =I21-K4*T21 -> 0.38440282 | J22: =J21-K4*U21 -> -0.37369954 | K22: =K21-K4*V21 -> 0.068889906 | L22: =L21-K4*W21 -> 0.74718214 | M22: =M21-K4*X21 -> 0.62031647 | N22: =I22+J22*C22+K22*D22+L22*E22+F22*M22 -> 2.3435299 | O22: =1/(1+EXP(-N22)) -> 0.91241858 | P22: =IF(O22>0.5,1,0) -> 1 | Q22: =O22-G22 -> -0.087581423 | R22: =Q22^2 -> 0.0076705057 | T22: =2*(O22-G22)*(1-O22)*O22 -> -0.013997424 | U22: =2*(O22-G22)*(1-O22)*O22*C22 -> -0.079785315 | V22: =2*(O22-G22)*(1-O22)*O22*D22 -> -0.041992271 | W22: =2*(O22-G22)*(1-O22)*O22*E22 -> -0.05878918 | X22: =2*(O22-G22)*(1-O22)*O22*F22 -> -0.016796908
B23: 17 | C23: 5.7 | D23: 2.9 | E23: 4.2 | F23: 1.3 | G23: 1 | I23: =I22-K4*T22 -> 0.38580257 | J23: =J22-K4*U22 -> -0.36572101 | K23: =K22-K4*V22 -> 0.073089133 | L23: =L22-K4*W22 -> 0.75306106 | M23: =M22-K4*X22 -> 0.62199616 | N23: =I23+J23*C23+K23*D23+L23*E23+F23*M23 -> 2.4846028 | O23: =1/(1+EXP(-N23)) -> 0.92305534 | P23: =IF(O23>0.5,1,0) -> 1 | Q23: =O23-G23 -> -0.076944656 | R23: =Q23^2 -> 0.0059204801 | T23: =2*(O23-G23)*(1-O23)*O23 -> -0.010929862 | U23: =2*(O23-G23)*(1-O23)*O23*C23 -> -0.062300211 | V23: =2*(O23-G23)*(1-O23)*O23*D23 -> -0.031696599 | W23: =2*(O23-G23)*(1-O23)*O23*E23 -> -0.045905419 | X23: =2*(O23-G23)*(1-O23)*O23*F23 -> -0.01420882
B24: 18 | C24: 6.2 | D24: 2.9 | E24: 4.3 | F24: 1.3 | G24: 1 | I24: =I23-K4*T23 -> 0.38689555 | J24: =J23-K4*U23 -> -0.35949099 | K24: =K23-K4*V23 -> 0.076258793 | L24: =L23-K4*W23 -> 0.7576516 | M24: =M23-K4*X23 -> 0.62341704 | N24: =I24+J24*C24+K24*D24+L24*E24+F24*M24 -> 2.447546 | O24: =1/(1+EXP(-N24)) -> 0.92038181 | P24: =IF(O24>0.5,1,0) -> 1 | Q24: =O24-G24 -> -0.079618191 | R24: =Q24^2 -> 0.0063390564 | T24: =2*(O24-G24)*(1-O24)*O24 -> -0.011668704 | U24: =2*(O24-G24)*(1-O24)*O24*C24 -> -0.072345967 | V24: =2*(O24-G24)*(1-O24)*O24*D24 -> -0.033839243 | W24: =2*(O24-G24)*(1-O24)*O24*E24 -> -0.050175429 | X24: =2*(O24-G24)*(1-O24)*O24*F24 -> -0.015169316
B25: 19 | C25: 5.1 | D25: 2.5 | E25: 3 | F25: 1.1 | G25: 1 | I25: =I24-K4*T24 -> 0.38806242 | J25: =J24-K4*U24 -> -0.35225639 | K25: =K24-K4*V24 -> 0.079642717 | L25: =L24-K4*W24 -> 0.76266915 | M25: =M24-K4*X24 -> 0.62493398 | N25: =I25+J25*C25+K25*D25+L25*E25+F25*M25 -> 1.7660964 | O25: =1/(1+EXP(-N25)) -> 0.85397155 | P25: =IF(O25>0.5,1,0) -> 1 | Q25: =O25-G25 -> -0.14602845 | R25: =Q25^2 -> 0.021324307 | T25: =2*(O25-G25)*(1-O25)*O25 -> -0.036420703 | U25: =2*(O25-G25)*(1-O25)*O25*C25 -> -0.18574559 | V25: =2*(O25-G25)*(1-O25)*O25*D25 -> -0.091051759 | W25: =2*(O25-G25)*(1-O25)*O25*E25 -> -0.10926211 | X25: =2*(O25-G25)*(1-O25)*O25*F25 -> -0.040062774
B26: 20 | C26: 5.7 | D26: 2.8 | E26: 4.1 | F26: 1.3 | G26: 1 | H26: =SUMPRODUCT(--(P7:P26=G7:G26))/20 -> 0.85 | I26: =I25-K4*T25 -> 0.39170449 | J26: =J25-K4*U25 -> -0.33368183 | K26: =K25-K4*V25 -> 0.088747893 | L26: =L25-K4*W25 -> 0.77359536 | M26: =M25-K4*X25 -> 0.62894025 | N26: =I26+J26*C26+K26*D26+L26*E26+F26*M26 -> 2.7275755 | O26: =1/(1+EXP(-N26)) -> 0.93863433 | P26: =IF(O26>0.5,1,0) -> 1 | Q26: =O26-G26 -> -0.061365668 | R26: =Q26^2 -> 0.0037657452 | S26: =AVERAGE(R7:R26) -> 0.090967615 | T26: =2*(O26-G26)*(1-O26)*O26 -> -0.0070693155 | U26: =2*(O26-G26)*(1-O26)*O26*C26 -> -0.040295098 | V26: =2*(O26-G26)*(1-O26)*O26*D26 -> -0.019794083 | W26: =2*(O26-G26)*(1-O26)*O26*E26 -> -0.028984193 | X26: =2*(O26-G26)*(1-O26)*O26*F26 -> -0.0091901101
A27: epoch 2 | B27: 1 | C27: 5 | D27: 3.5 | E27: 1.3 | F27: 0.3 | G27: 0 | I27: ='SLP-Training'!I164-'SLP-Training'!$K$2*'SLP-Training'!T164 -> 0.3931413 | J27: ='SLP-Training'!J164-'SLP-Training'!$K$2*'SLP-Training'!U164 -> -0.27405986 | K27: ='SLP-Training'!K164-'SLP-Training'!$K$2*'SLP-Training'!V164 -> 0.090895772 | L27: ='SLP-Training'!L164-'SLP-Training'!$K$2*'SLP-Training'!W164 -> 0.83580129 | M27: ='SLP-Training'!M164-'SLP-Training'!$K$2*'SLP-Training'!X164 -> 0.66970416 | N27: =I27+J27*C27+K27*D27+L27*E27+F27*M27 -> 0.62843012 | O27: =1/(1+EXP(-N27)) -> 0.65213341 | P27: =IF(O27>0.5,1,0) -> 1 | Q27: =O27-G27 -> 0.65213341 | R27: =Q27^2 -> 0.42527799 | T27: =2*(O27-G27)*(1-O27)*O27 -> 0.29588 | U27: =2*(O27-G27)*(1-O27)*O27*C27 -> 1.4794 | V27: =2*(O27-G27)*(1-O27)*O27*D27 -> 1.03558 | W27: =2*(O27-G27)*(1-O27)*O27*E27 -> 0.38464401 | X27: =2*(O27-G27)*(1-O27)*O27*F27 -> 0.088764001
B28: 2 | C28: 4.5 | D28: 2.3 | E28: 1.3 | F28: 0.3 | G28: 0 | I28: =I27-K4*T27 -> 0.3635533 | J28: =J27-K4*U27 -> -0.42199986 | K28: =K27-K4*V27 -> -0.01266223 | L28: =L27-K4*W27 -> 0.79733688 | M28: =M27-K4*X27 -> 0.66082776 | N28: =I28+J28*C28+K28*D28+L28*E28+F28*M28 -> -0.32978293 | O28: =1/(1+EXP(-N28)) -> 0.41829344 | P28: =IF(O28>0.5,1,0) -> 0 | Q28: =O28-G28 -> 0.41829344 | R28: =Q28^2 -> 0.1749694 | T28: =2*(O28-G28)*(1-O28)*O28 -> 0.2035617 | U28: =2*(O28-G28)*(1-O28)*O28*C28 -> 0.91602764 | V28: =2*(O28-G28)*(1-O28)*O28*D28 -> 0.4681919 | W28: =2*(O28-G28)*(1-O28)*O28*E28 -> 0.26463021 | X28: =2*(O28-G28)*(1-O28)*O28*F28 -> 0.061068509
B29: 3 | C29: 4.4 | D29: 3.2 | E29: 1.3 | F29: 0.2 | G29: 0 | I29: =I28-K4*T28 -> 0.34319713 | J29: =J28-K4*U28 -> -0.51360263 | K29: =K28-K4*V28 -> -0.05948142 | L29: =L28-K4*W28 -> 0.77087386 | M29: =M28-K4*X28 -> 0.65472091 | N29: =I29+J29*C29+K29*D29+L29*E29+F29*M29 -> -0.97391477 | O29: =1/(1+EXP(-N29)) -> 0.27410089 | P29: =IF(O29>0.5,1,0) -> 0 | Q29: =O29-G29 -> 0.27410089 | R29: =Q29^2 -> 0.0751313 | T29: =2*(O29-G29)*(1-O29)*O29 -> 0.10907549 | U29: =2*(O29-G29)*(1-O29)*O29*C29 -> 0.47993214 | V29: =2*(O29-G29)*(1-O29)*O29*D29 -> 0.34904156 | W29: =2*(O29-G29)*(1-O29)*O29*E29 -> 0.14179813 | X29: =2*(O29-G29)*(1-O29)*O29*F29 -> 0.021815097
B30: 4 | C30: 5 | D30: 3.5 | E30: 1.6 | F30: 0.6 | G30: 0 | I30: =I29-K4*T29 -> 0.33228958 | J30: =J29-K4*U29 -> -0.56159584 | K30: =K29-K4*V29 -> -0.094385576 | L30: =L29-K4*W29 -> 0.75669405 | M30: =M29-K4*X29 -> 0.6525394 | N30: =I30+J30*C30+K30*D30+L30*E30+F30*M30 -> -1.203805 | O30: =1/(1+EXP(-N30)) -> 0.23079902 | P30: =IF(O30>0.5,1,0) -> 0 | Q30: =O30-G30 -> 0.23079902 | R30: =Q30^2 -> 0.053268186 | T30: =2*(O30-G30)*(1-O30)*O30 -> 0.081947882 | U30: =2*(O30-G30)*(1-O30)*O30*C30 -> 0.40973941 | V30: =2*(O30-G30)*(1-O30)*O30*D30 -> 0.28681759 | W30: =2*(O30-G30)*(1-O30)*O30*E30 -> 0.13111661 | X30: =2*(O30-G30)*(1-O30)*O30*F30 -> 0.049168729
B31: 5 | C31: 5.1 | D31: 3.8 | E31: 1.9 | F31: 0.4 | G31: 0 | I31: =I30-K4*T30 -> 0.32409479 | J31: =J30-K4*U30 -> -0.60256978 | K31: =K30-K4*V30 -> -0.12306733 | L31: =L30-K4*W30 -> 0.74358239 | M31: =M30-K4*X30 -> 0.64762253 | N31: =I31+J31*C31+K31*D31+L31*E31+F31*M31 -> -1.5448114 | O31: =1/(1+EXP(-N31)) -> 0.17583692 | P31: =IF(O31>0.5,1,0) -> 0 | Q31: =O31-G31 -> 0.17583692 | R31: =Q31^2 -> 0.030918624 | T31: =2*(O31-G31)*(1-O31)*O31 -> 0.050963977 | U31: =2*(O31-G31)*(1-O31)*O31*C31 -> 0.25991628 | V31: =2*(O31-G31)*(1-O31)*O31*D31 -> 0.19366311 | W31: =2*(O31-G31)*(1-O31)*O31*E31 -> 0.096831555 | X31: =2*(O31-G31)*(1-O31)*O31*F31 -> 0.020385591
B32: 6 | C32: 4.8 | D32: 3 | E32: 1.4 | F32: 0.3 | G32: 0 | I32: =I31-K4*T31 -> 0.31899839 | J32: =J31-K4*U31 -> -0.62856141 | K32: =K31-K4*V31 -> -0.14243365 | L32: =L31-K4*W31 -> 0.73389923 | M32: =M31-K4*X31 -> 0.64558397 | N32: =I32+J32*C32+K32*D32+L32*E32+F32*M32 -> -1.9042632 | O32: =1/(1+EXP(-N32)) -> 0.12962673 | P32: =IF(O32>0.5,1,0) -> 0 | Q32: =O32-G32 -> 0.12962673 | R32: =Q32^2 -> 0.016803088 | T32: =2*(O32-G32)*(1-O32)*O32 -> 0.029249917 | U32: =2*(O32-G32)*(1-O32)*O32*C32 -> 0.1403996 | V32: =2*(O32-G32)*(1-O32)*O32*D32 -> 0.087749752 | W32: =2*(O32-G32)*(1-O32)*O32*E32 -> 0.040949884 | X32: =2*(O32-G32)*(1-O32)*O32*F32 -> 0.0087749752
B33: 7 | C33: 5.1 | D33: 3.8 | E33: 1.6 | F33: 0.2 | G33: 0 | I33: =I32-K4*T32 -> 0.3160734 | J33: =J32-K4*U32 -> -0.64260137 | K33: =K32-K4*V32 -> -0.15120862 | L33: =L32-K4*W32 -> 0.72980425 | M33: =M32-K4*X32 -> 0.64470647 | N33: =I33+J33*C33+K33*D33+L33*E33+F33*M33 -> -2.2391583 | O33: =1/(1+EXP(-N33)) -> 0.096288763 | P33: =IF(O33>0.5,1,0) -> 0 | Q33: =O33-G33 -> 0.096288763 | R33: =Q33^2 -> 0.0092715258 | T33: =2*(O33-G33)*(1-O33)*O33 -> 0.016757564 | U33: =2*(O33-G33)*(1-O33)*O33*C33 -> 0.085463577 | V33: =2*(O33-G33)*(1-O33)*O33*D33 -> 0.063678744 | W33: =2*(O33-G33)*(1-O33)*O33*E33 -> 0.026812103 | X33: =2*(O33-G33)*(1-O33)*O33*F33 -> 0.0033515128
B34: 8 | C34: 4.6 | D34: 3.2 | E34: 1.4 | F34: 0.2 | G34: 0 | I34: =I33-K4*T33 -> 0.31439765 | J34: =J33-K4*U33 -> -0.65114773 | K34: =K33-K4*V33 -> -0.1575765 | L34: =L33-K4*W33 -> 0.72712304 | M34: =M33-K4*X33 -> 0.64437132 | N34: =I34+J34*C34+K34*D34+L34*E34+F34*M34 -> -2.0382802 | O34: =1/(1+EXP(-N34)) -> 0.11524197 | P34: =IF(O34>0.5,1,0) -> 0 | Q34: =O34-G34 -> 0.11524197 | R34: =Q34^2 -> 0.013280712 | T34: =2*(O34-G34)*(1-O34)*O34 -> 0.023500433 | U34: =2*(O34-G34)*(1-O34)*O34*C34 -> 0.10810199 | V34: =2*(O34-G34)*(1-O34)*O34*D34 -> 0.075201386 | W34: =2*(O34-G34)*(1-O34)*O34*E34 -> 0.032900606 | X34: =2*(O34-G34)*(1-O34)*O34*F34 -> 0.0047000866
B35: 9 | C35: 5.3 | D35: 3.7 | E35: 1.5 | F35: 0.2 | G35: 0 | I35: =I34-K4*T34 -> 0.3120476 | J35: =J34-K4*U34 -> -0.66195793 | K35: =K34-K4*V34 -> -0.16509663 | L35: =L34-K4*W34 -> 0.72383297 | M35: =M34-K4*X34 -> 0.64390131 | N35: =I35+J35*C35+K35*D35+L35*E35+F35*M35 -> -2.5926572 | O35: =1/(1+EXP(-N35)) -> 0.069612486 | P35: =IF(O35>0.5,1,0) -> 0 | Q35: =O35-G35 -> 0.069612486 | R35: =Q35^2 -> 0.0048458982 | T35: =2*(O35-G35)*(1-O35)*O35 -> 0.0090171264 | U35: =2*(O35-G35)*(1-O35)*O35*C35 -> 0.04779077 | V35: =2*(O35-G35)*(1-O35)*O35*D35 -> 0.033363368 | W35: =2*(O35-G35)*(1-O35)*O35*E35 -> 0.01352569 | X35: =2*(O35-G35)*(1-O35)*O35*F35 -> 0.0018034253
B36: 10 | C36: 5 | D36: 3.3 | E36: 1.4 | F36: 0.2 | G36: 0 | I36: =I35-K4*T35 -> 0.31114589 | J36: =J35-K4*U35 -> -0.666737 | K36: =K35-K4*V35 -> -0.16843297 | L36: =L35-K4*W35 -> 0.72248041 | M36: =M35-K4*X35 -> 0.64372097 | N36: =I36+J36*C36+K36*D36+L36*E36+F36*M36 -> -2.4381512 | O36: =1/(1+EXP(-N36)) -> 0.08030936 | P36: =IF(O36>0.5,1,0) -> 0 | Q36: =O36-G36 -> 0.08030936 | R36: =Q36^2 -> 0.0064495933 | T36: =2*(O36-G36)*(1-O36)*O36 -> 0.011863261 | U36: =2*(O36-G36)*(1-O36)*O36*C36 -> 0.059316306 | V36: =2*(O36-G36)*(1-O36)*O36*D36 -> 0.039148762 | W36: =2*(O36-G36)*(1-O36)*O36*E36 -> 0.016608566 | X36: =2*(O36-G36)*(1-O36)*O36*F36 -> 0.0023726522
B37: 11 | C37: 5.5 | D37: 2.6 | E37: 4.4 | F37: 1.2 | G37: 1 | I37: =I36-K4*T36 -> 0.30995956 | J37: =J36-K4*U36 -> -0.67266863 | K37: =K36-K4*V36 -> -0.17234785 | L37: =L36-K4*W36 -> 0.72081955 | M37: =M36-K4*X36 -> 0.6434837 | N37: =I37+J37*C37+K37*D37+L37*E37+F37*M37 -> 0.10596413 | O37: =1/(1+EXP(-N37)) -> 0.52646627 | P37: =IF(O37>0.5,1,0) -> 1 | Q37: =O37-G37 -> -0.47353373 | R37: =Q37^2 -> 0.22423419 | T37: =2*(O37-G37)*(1-O37)*O37 -> -0.23610348 | U37: =2*(O37-G37)*(1-O37)*O37*C37 -> -1.2985691 | V37: =2*(O37-G37)*(1-O37)*O37*D37 -> -0.61386904 | W37: =2*(O37-G37)*(1-O37)*O37*E37 -> -1.0388553 | X37: =2*(O37-G37)*(1-O37)*O37*F37 -> -0.28332417
B38: 12 | C38: 6.1 | D38: 3 | E38: 4.6 | F38: 1.4 | G38: 1 | I38: =I37-K4*T37 -> 0.33356991 | J38: =J37-K4*U37 -> -0.54281172 | K38: =K37-K4*V37 -> -0.11096094 | L38: =L37-K4*W37 -> 0.82470508 | M38: =M37-K4*X37 -> 0.67181612 | N38: =I38+J38*C38+K38*D38+L38*E38+F38*M38 -> 1.4237215 | O38: =1/(1+EXP(-N38)) -> 0.80592117 | P38: =IF(O38>0.5,1,0) -> 1 | Q38: =O38-G38 -> -0.19407883 | R38: =Q38^2 -> 0.037666593 | T38: =2*(O38-G38)*(1-O38)*O38 -> -0.060712609 | U38: =2*(O38-G38)*(1-O38)*O38*C38 -> -0.37034691 | V38: =2*(O38-G38)*(1-O38)*O38*D38 -> -0.18213783 | W38: =2*(O38-G38)*(1-O38)*O38*E38 -> -0.279278 | X38: =2*(O38-G38)*(1-O38)*O38*F38 -> -0.084997652
B39: 13 | C39: 5.8 | D39: 2.6 | E39: 4 | F39: 1.2 | G39: 1 | I39: =I38-K4*T38 -> 0.33964117 | J39: =J38-K4*U38 -> -0.50577703 | K39: =K38-K4*V38 -> -0.09274716 | L39: =L38-K4*W38 -> 0.85263288 | M39: =M38-K4*X38 -> 0.68031589 | N39: =I39+J39*C39+K39*D39+L39*E39+F39*M39 -> 1.3919024 | O39: =1/(1+EXP(-N39)) -> 0.80089577 | P39: =IF(O39>0.5,1,0) -> 1 | Q39: =O39-G39 -> -0.19910423 | R39: =Q39^2 -> 0.039642494 | T39: =2*(O39-G39)*(1-O39)*O39 -> -0.063499012 | U39: =2*(O39-G39)*(1-O39)*O39*C39 -> -0.36829427 | V39: =2*(O39-G39)*(1-O39)*O39*D39 -> -0.16509743 | W39: =2*(O39-G39)*(1-O39)*O39*E39 -> -0.25399605 | X39: =2*(O39-G39)*(1-O39)*O39*F39 -> -0.076198815
B40: 14 | C40: 5 | D40: 2.3 | E40: 3.3 | F40: 1 | G40: 1 | I40: =I39-K4*T39 -> 0.34599107 | J40: =J39-K4*U39 -> -0.4689476 | K40: =K39-K4*V39 -> -0.076237417 | L40: =L39-K4*W39 -> 0.87803248 | M40: =M39-K4*X39 -> 0.68793577 | N40: =I40+J40*C40+K40*D40+L40*E40+F40*M40 -> 1.41135 | O40: =1/(1+EXP(-N40)) -> 0.80397878 | P40: =IF(O40>0.5,1,0) -> 1 | Q40: =O40-G40 -> -0.19602122 | R40: =Q40^2 -> 0.038424318 | T40: =2*(O40-G40)*(1-O40)*O40 -> -0.061784673 | U40: =2*(O40-G40)*(1-O40)*O40*C40 -> -0.30892337 | V40: =2*(O40-G40)*(1-O40)*O40*D40 -> -0.14210475 | W40: =2*(O40-G40)*(1-O40)*O40*E40 -> -0.20388942 | X40: =2*(O40-G40)*(1-O40)*O40*F40 -> -0.061784673
B41: 15 | C41: 5.6 | D41: 2.7 | E41: 4.2 | F41: 1.3 | G41: 1 | I41: =I40-K4*T40 -> 0.35216954 | J41: =J40-K4*U40 -> -0.43805527 | K41: =K40-K4*V40 -> -0.062026942 | L41: =L40-K4*W40 -> 0.89842143 | M41: =M40-K4*X40 -> 0.69411423 | N41: =I41+J41*C41+K41*D41+L41*E41+F41*M41 -> 2.4073058 | O41: =1/(1+EXP(-N41)) -> 0.91738271 | P41: =IF(O41>0.5,1,0) -> 1 | Q41: =O41-G41 -> -0.082617287 | R41: =Q41^2 -> 0.0068256161 | T41: =2*(O41-G41)*(1-O41)*O41 -> -0.012523404 | U41: =2*(O41-G41)*(1-O41)*O41*C41 -> -0.070131065 | V41: =2*(O41-G41)*(1-O41)*O41*D41 -> -0.033813192 | W41: =2*(O41-G41)*(1-O41)*O41*E41 -> -0.052598298 | X41: =2*(O41-G41)*(1-O41)*O41*F41 -> -0.016280426
B42: 16 | C42: 5.7 | D42: 3 | E42: 4.2 | F42: 1.2 | G42: 1 | I42: =I41-K4*T41 -> 0.35342188 | J42: =J41-K4*U41 -> -0.43104216 | K42: =K41-K4*V41 -> -0.058645623 | L42: =L41-K4*W41 -> 0.90368126 | M42: =M41-K4*X41 -> 0.69574228 | N42: =I42+J42*C42+K42*D42+L42*E42+F42*M42 -> 2.3508967 | O42: =1/(1+EXP(-N42)) -> 0.91300548 | P42: =IF(O42>0.5,1,0) -> 1 | Q42: =O42-G42 -> -0.086994524 | R42: =Q42^2 -> 0.0075680472 | T42: =2*(O42-G42)*(1-O42)*O42 -> -0.013819337 | U42: =2*(O42-G42)*(1-O42)*O42*C42 -> -0.078770221 | V42: =2*(O42-G42)*(1-O42)*O42*D42 -> -0.041458011 | W42: =2*(O42-G42)*(1-O42)*O42*E42 -> -0.058041216 | X42: =2*(O42-G42)*(1-O42)*O42*F42 -> -0.016583204
B43: 17 | C43: 5.7 | D43: 2.9 | E43: 4.2 | F43: 1.3 | G43: 1 | I43: =I42-K4*T42 -> 0.35480382 | J43: =J42-K4*U42 -> -0.42316514 | K43: =K42-K4*V42 -> -0.054499822 | L43: =L42-K4*W42 -> 0.90948538 | M43: =M42-K4*X42 -> 0.6974006 | N43: =I43+J43*C43+K43*D43+L43*E43+F43*M43 -> 2.5111724 | O43: =1/(1+EXP(-N43)) -> 0.92492135 | P43: =IF(O43>0.5,1,0) -> 1 | Q43: =O43-G43 -> -0.075078655 | R43: =Q43^2 -> 0.0056368044 | T43: =2*(O43-G43)*(1-O43)*O43 -> -0.010427201 | U43: =2*(O43-G43)*(1-O43)*O43*C43 -> -0.059435048 | V43: =2*(O43-G43)*(1-O43)*O43*D43 -> -0.030238884 | W43: =2*(O43-G43)*(1-O43)*O43*E43 -> -0.043794246 | X43: =2*(O43-G43)*(1-O43)*O43*F43 -> -0.013555362
B44: 18 | C44: 6.2 | D44: 2.9 | E44: 4.3 | F44: 1.3 | G44: 1 | I44: =I43-K4*T43 -> 0.35584654 | J44: =J43-K4*U43 -> -0.41722163 | K44: =K43-K4*V43 -> -0.051475933 | L44: =L43-K4*W43 -> 0.9138648 | M44: =M43-K4*X43 -> 0.69875613 | N44: =I44+J44*C44+K44*D44+L44*E44+F44*M44 -> 2.4577938 | O44: =1/(1+EXP(-N44)) -> 0.92112953 | P44: =IF(O44>0.5,1,0) -> 1 | Q44: =O44-G44 -> -0.078870467 | R44: =Q44^2 -> 0.0062205505 | T44: =2*(O44-G44)*(1-O44)*O44 -> -0.011459866 | U44: =2*(O44-G44)*(1-O44)*O44*C44 -> -0.071051167 | V44: =2*(O44-G44)*(1-O44)*O44*D44 -> -0.03323361 | W44: =2*(O44-G44)*(1-O44)*O44*E44 -> -0.049277422 | X44: =2*(O44-G44)*(1-O44)*O44*F44 -> -0.014897825
B45: 19 | C45: 5.1 | D45: 2.5 | E45: 3 | F45: 1.1 | G45: 1 | I45: =I44-K4*T44 -> 0.35699252 | J45: =J44-K4*U44 -> -0.41011652 | K45: =K44-K4*V44 -> -0.048152572 | L45: =L44-K4*W44 -> 0.91879254 | M45: =M44-K4*X44 -> 0.70024592 | N45: =I45+J45*C45+K45*D45+L45*E45+F45*M45 -> 1.671665 | O45: =1/(1+EXP(-N45)) -> 0.84179768 | P45: =IF(O45>0.5,1,0) -> 1 | Q45: =O45-G45 -> -0.15820232 | R45: =Q45^2 -> 0.025027973 | T45: =2*(O45-G45)*(1-O45)*O45 -> -0.04213698 | U45: =2*(O45-G45)*(1-O45)*O45*C45 -> -0.2148986 | V45: =2*(O45-G45)*(1-O45)*O45*D45 -> -0.10534245 | W45: =2*(O45-G45)*(1-O45)*O45*E45 -> -0.12641094 | X45: =2*(O45-G45)*(1-O45)*O45*F45 -> -0.046350678
B46: 20 | C46: 5.7 | D46: 2.8 | E46: 4.1 | F46: 1.3 | G46: 1 | H46: =SUMPRODUCT(--(P27:P46=G27:G46))/20 -> 0.95 | I46: =I45-K4*T45 -> 0.36120622 | J46: =J45-K4*U45 -> -0.38862666 | K46: =K45-K4*V45 -> -0.037618327 | L46: =L45-K4*W45 -> 0.93143364 | M46: =M45-K4*X45 -> 0.70488098 | N46: =I46+J46*C46+K46*D46+L46*E46+F46*M46 -> 2.7759262 | O46: =1/(1+EXP(-N46)) -> 0.94136097 | P46: =IF(O46>0.5,1,0) -> 1 | Q46: =O46-G46 -> -0.05863903 | R46: =Q46^2 -> 0.0034385358 | S46: =AVERAGE(R27:R46) -> 0.060245072 | T46: =2*(O46-G46)*(1-O46)*O46 -> -0.0064738068 | U46: =2*(O46-G46)*(1-O46)*O46*C46 -> -0.036900699 | V46: =2*(O46-G46)*(1-O46)*O46*D46 -> -0.018126659 | W46: =2*(O46-G46)*(1-O46)*O46*E46 -> -0.026542608 | X46: =2*(O46-G46)*(1-O46)*O46*F46 -> -0.0084159489
A47: epoch 3 | B47: 1 | C47: 5 | D47: 3.5 | E47: 1.3 | F47: 0.3 | G47: 0 | I47: ='SLP-Training'!I244-'SLP-Training'!$K$2*'SLP-Training'!T244 -> 0.36186667 | J47: ='SLP-Training'!J244-'SLP-Training'!$K$2*'SLP-Training'!U244 -> -0.33101418 | K47: ='SLP-Training'!K244-'SLP-Training'!$K$2*'SLP-Training'!V244 -> -0.036129225 | L47: ='SLP-Training'!L244-'SLP-Training'!$K$2*'SLP-Training'!W244 -> 0.99039415 | M47: ='SLP-Training'!M244-'SLP-Training'!$K$2*'SLP-Training'!X244 -> 0.74018895 | N47: =I47+J47*C47+K47*D47+L47*E47+F47*M47 -> 0.089912561 | O47: =1/(1+EXP(-N47)) -> 0.52246301 | P47: =IF(O47>0.5,1,0) -> 1 | Q47: =O47-G47 -> 0.52246301 | R47: =Q47^2 -> 0.2729676 | T47: =2*(O47-G47)*(1-O47)*O47 -> 0.26070425 | U47: =2*(O47-G47)*(1-O47)*O47*C47 -> 1.3035212 | V47: =2*(O47-G47)*(1-O47)*O47*D47 -> 0.91246487 | W47: =2*(O47-G47)*(1-O47)*O47*E47 -> 0.33891552 | X47: =2*(O47-G47)*(1-O47)*O47*F47 -> 0.078211275
B48: 2 | C48: 4.5 | D48: 2.3 | E48: 1.3 | F48: 0.3 | G48: 0 | I48: =I47-K4*T47 -> 0.33579624 | J48: =J47-K4*U47 -> -0.4613663 | K48: =K47-K4*V47 -> -0.12737571 | L48: =L47-K4*W47 -> 0.9565026 | M48: =M47-K4*X47 -> 0.73236783 | N48: =I48+J48*C48+K48*D48+L48*E48+F48*M48 -> -0.57015254 | O48: =1/(1+EXP(-N48)) -> 0.36120163 | P48: =IF(O48>0.5,1,0) -> 0 | Q48: =O48-G48 -> 0.36120163 | R48: =Q48^2 -> 0.13046662 | T48: =2*(O48-G48)*(1-O48)*O48 -> 0.16668372 | U48: =2*(O48-G48)*(1-O48)*O48*C48 -> 0.75007676 | V48: =2*(O48-G48)*(1-O48)*O48*D48 -> 0.38337256 | W48: =2*(O48-G48)*(1-O48)*O48*E48 -> 0.21668884 | X48: =2*(O48-G48)*(1-O48)*O48*F48 -> 0.050005117
B49: 3 | C49: 4.4 | D49: 3.2 | E49: 1.3 | F49: 0.2 | G49: 0 | I49: =I48-K4*T48 -> 0.31912787 | J49: =J48-K4*U48 -> -0.53637398 | K49: =K48-K4*V48 -> -0.16571297 | L49: =L48-K4*W48 -> 0.93483371 | M49: =M48-K4*X48 -> 0.72736731 | N49: =I49+J49*C49+K49*D49+L49*E49+F49*M49 -> -1.2104419 | O49: =1/(1+EXP(-N49)) -> 0.22962288 | P49: =IF(O49>0.5,1,0) -> 0 | Q49: =O49-G49 -> 0.22962288 | R49: =Q49^2 -> 0.052726667 | T49: =2*(O49-G49)*(1-O49)*O49 -> 0.081238836 | U49: =2*(O49-G49)*(1-O49)*O49*C49 -> 0.35745088 | V49: =2*(O49-G49)*(1-O49)*O49*D49 -> 0.25996427 | W49: =2*(O49-G49)*(1-O49)*O49*E49 -> 0.10561049 | X49: =2*(O49-G49)*(1-O49)*O49*F49 -> 0.016247767
B50: 4 | C50: 5 | D50: 3.5 | E50: 1.6 | F50: 0.6 | G50: 0 | I50: =I49-K4*T49 -> 0.31100399 | J50: =J49-K4*U49 -> -0.57211907 | K50: =K49-K4*V49 -> -0.1917094 | L50: =L49-K4*W49 -> 0.92427266 | M50: =M49-K4*X49 -> 0.72574254 | N50: =I50+J50*C50+K50*D50+L50*E50+F50*M50 -> -1.3062925 | O50: =1/(1+EXP(-N50)) -> 0.21310791 | P50: =IF(O50>0.5,1,0) -> 0 | Q50: =O50-G50 -> 0.21310791 | R50: =Q50^2 -> 0.045414982 | T50: =2*(O50-G50)*(1-O50)*O50 -> 0.071473381 | U50: =2*(O50-G50)*(1-O50)*O50*C50 -> 0.3573669 | V50: =2*(O50-G50)*(1-O50)*O50*D50 -> 0.25015683 | W50: =2*(O50-G50)*(1-O50)*O50*E50 -> 0.11435741 | X50: =2*(O50-G50)*(1-O50)*O50*F50 -> 0.042884028
B51: 5 | C51: 5.1 | D51: 3.8 | E51: 1.9 | F51: 0.4 | G51: 0 | I51: =I50-K4*T50 -> 0.30385665 | J51: =J50-K4*U50 -> -0.60785576 | K51: =K50-K4*V50 -> -0.21672508 | L51: =L50-K4*W50 -> 0.91283692 | M51: =M50-K4*X50 -> 0.72145413 | N51: =I51+J51*C51+K51*D51+L51*E51+F51*M51 -> -1.5967912 | O51: =1/(1+EXP(-N51)) -> 0.16843057 | P51: =IF(O51>0.5,1,0) -> 0 | Q51: =O51-G51 -> 0.16843057 | R51: =Q51^2 -> 0.028368855 | T51: =2*(O51-G51)*(1-O51)*O51 -> 0.047181346 | U51: =2*(O51-G51)*(1-O51)*O51*C51 -> 0.24062487 | V51: =2*(O51-G51)*(1-O51)*O51*D51 -> 0.17928912 | W51: =2*(O51-G51)*(1-O51)*O51*E51 -> 0.089644558 | X51: =2*(O51-G51)*(1-O51)*O51*F51 -> 0.018872538
B52: 6 | C52: 4.8 | D52: 3 | E52: 1.4 | F52: 0.3 | G52: 0 | I52: =I51-K4*T51 -> 0.29913852 | J52: =J51-K4*U51 -> -0.63191824 | K52: =K51-K4*V51 -> -0.23465399 | L52: =L51-K4*W51 -> 0.90387247 | M52: =M51-K4*X51 -> 0.71956688 | N52: =I52+J52*C52+K52*D52+L52*E52+F52*M52 -> -1.9567395 | O52: =1/(1+EXP(-N52)) -> 0.12382034 | P52: =IF(O52>0.5,1,0) -> 0 | Q52: =O52-G52 -> 0.12382034 | R52: =Q52^2 -> 0.015331477 | T52: =2*(O52-G52)*(1-O52)*O52 -> 0.026866256 | U52: =2*(O52-G52)*(1-O52)*O52*C52 -> 0.12895803 | V52: =2*(O52-G52)*(1-O52)*O52*D52 -> 0.080598768 | W52: =2*(O52-G52)*(1-O52)*O52*E52 -> 0.037612759 | X52: =2*(O52-G52)*(1-O52)*O52*F52 -> 0.0080598768
B53: 7 | C53: 5.1 | D53: 3.8 | E53: 1.6 | F53: 0.2 | G53: 0 | I53: =I52-K4*T52 -> 0.29645189 | J53: =J52-K4*U52 -> -0.64481405 | K53: =K52-K4*V52 -> -0.24271387 | L53: =L52-K4*W52 -> 0.90011119 | M53: =M52-K4*X52 -> 0.71876089 | N53: =I53+J53*C53+K53*D53+L53*E53+F53*M53 -> -2.3304824 | O53: =1/(1+EXP(-N53)) -> 0.088629693 | P53: =IF(O53>0.5,1,0) -> 0 | Q53: =O53-G53 -> 0.088629693 | R53: =Q53^2 -> 0.0078552225 | T53: =2*(O53-G53)*(1-O53)*O53 -> 0.014318033 | U53: =2*(O53-G53)*(1-O53)*O53*C53 -> 0.073021968 | V53: =2*(O53-G53)*(1-O53)*O53*D53 -> 0.054408525 | W53: =2*(O53-G53)*(1-O53)*O53*E53 -> 0.022908853 | X53: =2*(O53-G53)*(1-O53)*O53*F53 -> 0.0028636066
B54: 8 | C54: 4.6 | D54: 3.2 | E54: 1.4 | F54: 0.2 | G54: 0 | I54: =I53-K4*T53 -> 0.29502009 | J54: =J53-K4*U53 -> -0.65211624 | K54: =K53-K4*V53 -> -0.24815472 | L54: =L53-K4*W53 -> 0.8978203 | M54: =M53-K4*X53 -> 0.71847453 | N54: =I54+J54*C54+K54*D54+L54*E54+F54*M54 -> -2.0981664 | O54: =1/(1+EXP(-N54)) -> 0.10927516 | P54: =IF(O54>0.5,1,0) -> 0 | Q54: =O54-G54 -> 0.10927516 | R54: =Q54^2 -> 0.011941062 | T54: =2*(O54-G54)*(1-O54)*O54 -> 0.0212724 | U54: =2*(O54-G54)*(1-O54)*O54*C54 -> 0.097853041 | V54: =2*(O54-G54)*(1-O54)*O54*D54 -> 0.068071681 | W54: =2*(O54-G54)*(1-O54)*O54*E54 -> 0.02978136 | X54: =2*(O54-G54)*(1-O54)*O54*F54 -> 0.00425448
B55: 9 | C55: 5.3 | D55: 3.7 | E55: 1.5 | F55: 0.2 | G55: 0 | I55: =I54-K4*T54 -> 0.29289285 | J55: =J54-K4*U54 -> -0.66190155 | K55: =K54-K4*V54 -> -0.25496189 | L55: =L54-K4*W54 -> 0.89484217 | M55: =M54-K4*X54 -> 0.71804908 | N55: =I55+J55*C55+K55*D55+L55*E55+F55*M55 -> -2.6726713 | O55: =1/(1+EXP(-N55)) -> 0.064605352 | P55: =IF(O55>0.5,1,0) -> 0 | Q55: =O55-G55 -> 0.064605352 | R55: =Q55^2 -> 0.0041738515 | T55: =2*(O55-G55)*(1-O55)*O55 -> 0.0078083966 | U55: =2*(O55-G55)*(1-O55)*O55*C55 -> 0.041384502 | V55: =2*(O55-G55)*(1-O55)*O55*D55 -> 0.028891068 | W55: =2*(O55-G55)*(1-O55)*O55*E55 -> 0.011712595 | X55: =2*(O55-G55)*(1-O55)*O55*F55 -> 0.0015616793
B56: 10 | C56: 5 | D56: 3.3 | E56: 1.4 | F56: 0.2 | G56: 0 | I56: =I55-K4*T55 -> 0.29211201 | J56: =J55-K4*U55 -> -0.66604 | K56: =K55-K4*V55 -> -0.25785099 | L56: =L55-K4*W55 -> 0.89367091 | M56: =M55-K4*X55 -> 0.71789292 | N56: =I56+J56*C56+K56*D56+L56*E56+F56*M56 -> -2.4942784 | O56: =1/(1+EXP(-N56)) -> 0.076260259 | P56: =IF(O56>0.5,1,0) -> 0 | Q56: =O56-G56 -> 0.076260259 | R56: =Q56^2 -> 0.0058156272 | T56: =2*(O56-G56)*(1-O56)*O56 -> 0.010744252 | U56: =2*(O56-G56)*(1-O56)*O56*C56 -> 0.053721259 | V56: =2*(O56-G56)*(1-O56)*O56*D56 -> 0.035456031 | W56: =2*(O56-G56)*(1-O56)*O56*E56 -> 0.015041953 | X56: =2*(O56-G56)*(1-O56)*O56*F56 -> 0.0021488504
B57: 11 | C57: 5.5 | D57: 2.6 | E57: 4.4 | F57: 1.2 | G57: 1 | I57: =I56-K4*T56 -> 0.29103758 | J57: =J56-K4*U56 -> -0.67141212 | K57: =K56-K4*V56 -> -0.2613966 | L57: =L56-K4*W56 -> 0.89216671 | M57: =M56-K4*X56 -> 0.71767803 | N57: =I57+J57*C57+K57*D57+L57*E57+F57*M57 -> 0.70538692 | O57: =1/(1+EXP(-N57)) -> 0.66938104 | P57: =IF(O57>0.5,1,0) -> 1 | Q57: =O57-G57 -> -0.33061896 | R57: =Q57^2 -> 0.1093089 | T57: =2*(O57-G57)*(1-O57)*O57 -> -0.14633861 | U57: =2*(O57-G57)*(1-O57)*O57*C57 -> -0.80486234 | V57: =2*(O57-G57)*(1-O57)*O57*D57 -> -0.38048038 | W57: =2*(O57-G57)*(1-O57)*O57*E57 -> -0.64388987 | X57: =2*(O57-G57)*(1-O57)*O57*F57 -> -0.17560633
B58: 12 | C58: 6.1 | D58: 3 | E58: 4.6 | F58: 1.4 | G58: 1 | I58: =I57-K4*T57 -> 0.30567144 | J58: =J57-K4*U57 -> -0.59092589 | K58: =K57-K4*V57 -> -0.22334856 | L58: =L57-K4*W57 -> 0.9565557 | M58: =M57-K4*X57 -> 0.73523866 | N58: =I58+J58*C58+K58*D58+L58*E58+F58*M58 -> 1.4604682 | O58: =1/(1+EXP(-N58)) -> 0.81160427 | P58: =IF(O58>0.5,1,0) -> 1 | Q58: =O58-G58 -> -0.18839573 | R58: =Q58^2 -> 0.03549295 | T58: =2*(O58-G58)*(1-O58)*O58 -> -0.05761246 | U58: =2*(O58-G58)*(1-O58)*O58*C58 -> -0.35143601 | V58: =2*(O58-G58)*(1-O58)*O58*D58 -> -0.17283738 | W58: =2*(O58-G58)*(1-O58)*O58*E58 -> -0.26501732 | X58: =2*(O58-G58)*(1-O58)*O58*F58 -> -0.080657444
B59: 13 | C59: 5.8 | D59: 2.6 | E59: 4 | F59: 1.2 | G59: 1 | I59: =I58-K4*T58 -> 0.31143269 | J59: =J58-K4*U58 -> -0.55578229 | K59: =K58-K4*V58 -> -0.20606482 | L59: =L58-K4*W58 -> 0.98305743 | M59: =M58-K4*X58 -> 0.74330441 | N59: =I59+J59*C59+K59*D59+L59*E59+F59*M59 -> 1.3763219 | O59: =1/(1+EXP(-N59)) -> 0.79839963 | P59: =IF(O59>0.5,1,0) -> 1 | Q59: =O59-G59 -> -0.20160037 | R59: =Q59^2 -> 0.040642709 | T59: =2*(O59-G59)*(1-O59)*O59 -> -0.064898248 | U59: =2*(O59-G59)*(1-O59)*O59*C59 -> -0.37640984 | V59: =2*(O59-G59)*(1-O59)*O59*D59 -> -0.16873544 | W59: =2*(O59-G59)*(1-O59)*O59*E59 -> -0.25959299 | X59: =2*(O59-G59)*(1-O59)*O59*F59 -> -0.077877897
B60: 14 | C60: 5 | D60: 2.3 | E60: 3.3 | F60: 1 | G60: 1 | I60: =I59-K4*T59 -> 0.31792251 | J60: =J59-K4*U59 -> -0.51814131 | K60: =K59-K4*V59 -> -0.18919128 | L60: =L59-K4*W59 -> 1.0090167 | M60: =M59-K4*X59 -> 0.7510922 | N60: =I60+J60*C60+K60*D60+L60*E60+F60*M60 -> 1.3729235 | O60: =1/(1+EXP(-N60)) -> 0.79785207 | P60: =IF(O60>0.5,1,0) -> 1 | Q60: =O60-G60 -> -0.20214793 | R60: =Q60^2 -> 0.040863785 | T60: =2*(O60-G60)*(1-O60)*O60 -> -0.065206511 | U60: =2*(O60-G60)*(1-O60)*O60*C60 -> -0.32603255 | V60: =2*(O60-G60)*(1-O60)*O60*D60 -> -0.14997498 | W60: =2*(O60-G60)*(1-O60)*O60*E60 -> -0.21518149 | X60: =2*(O60-G60)*(1-O60)*O60*F60 -> -0.065206511
B61: 15 | C61: 5.6 | D61: 2.7 | E61: 4.2 | F61: 1.3 | G61: 1 | I61: =I60-K4*T60 -> 0.32444316 | J61: =J60-K4*U60 -> -0.48553805 | K61: =K60-K4*V60 -> -0.17419378 | L61: =L60-K4*W60 -> 1.0305349 | M61: =M60-K4*X60 -> 0.75761285 | N61: =I61+J61*C61+K61*D61+L61*E61+F61*M61 -> 2.4482501 | O61: =1/(1+EXP(-N61)) -> 0.92043339 | P61: =IF(O61>0.5,1,0) -> 1 | Q61: =O61-G61 -> -0.079566612 | R61: =Q61^2 -> 0.0063308457 | T61: =2*(O61-G61)*(1-O61)*O61 -> -0.011654244 | U61: =2*(O61-G61)*(1-O61)*O61*C61 -> -0.065263764 | V61: =2*(O61-G61)*(1-O61)*O61*D61 -> -0.031466458 | W61: =2*(O61-G61)*(1-O61)*O61*E61 -> -0.048947823 | X61: =2*(O61-G61)*(1-O61)*O61*F61 -> -0.015150517
B62: 16 | C62: 5.7 | D62: 3 | E62: 4.2 | F62: 1.2 | G62: 1 | I62: =I61-K4*T61 -> 0.32560859 | J62: =J61-K4*U61 -> -0.47901167 | K62: =K61-K4*V61 -> -0.17104713 | L62: =L61-K4*W61 -> 1.0354297 | M62: =M61-K4*X61 -> 0.7591279 | N62: =I62+J62*C62+K62*D62+L62*E62+F62*M62 -> 2.3418587 | O62: =1/(1+EXP(-N62)) -> 0.91228494 | P62: =IF(O62>0.5,1,0) -> 1 | Q62: =O62-G62 -> -0.087715065 | R62: =Q62^2 -> 0.0076939326 | T62: =2*(O62-G62)*(1-O62)*O62 -> -0.014038118 | U62: =2*(O62-G62)*(1-O62)*O62*C62 -> -0.08001727 | V62: =2*(O62-G62)*(1-O62)*O62*D62 -> -0.042114353 | W62: =2*(O62-G62)*(1-O62)*O62*E62 -> -0.058960094 | X62: =2*(O62-G62)*(1-O62)*O62*F62 -> -0.016845741
B63: 17 | C63: 5.7 | D63: 2.9 | E63: 4.2 | F63: 1.3 | G63: 1 | I63: =I62-K4*T62 -> 0.3270124 | J63: =J62-K4*U62 -> -0.47100995 | K63: =K62-K4*V62 -> -0.1668357 | L63: =L62-K4*W62 -> 1.0413257 | M63: =M62-K4*X62 -> 0.76081248 | N63: =I63+J63*C63+K63*D63+L63*E63+F63*M63 -> 2.5210562 | O63: =1/(1+EXP(-N63)) -> 0.92560482 | P63: =IF(O63>0.5,1,0) -> 1 | Q63: =O63-G63 -> -0.074395181 | R63: =Q63^2 -> 0.0055346429 | T63: =2*(O63-G63)*(1-O63)*O63 -> -0.010245784 | U63: =2*(O63-G63)*(1-O63)*O63*C63 -> -0.058400971 | V63: =2*(O63-G63)*(1-O63)*O63*D63 -> -0.029712775 | W63: =2*(O63-G63)*(1-O63)*O63*E63 -> -0.043032294 | X63: =2*(O63-G63)*(1-O63)*O63*F63 -> -0.01331952
B64: 18 | C64: 6.2 | D64: 2.9 | E64: 4.3 | F64: 1.3 | G64: 1 | I64: =I63-K4*T63 -> 0.32803698 | J64: =J63-K4*U63 -> -0.46516985 | K64: =K63-K4*V63 -> -0.16386442 | L64: =L63-K4*W63 -> 1.0456289 | M64: =M63-K4*X63 -> 0.76214443 | N64: =I64+J64*C64+K64*D64+L64*E64+F64*M64 -> 2.4557691 | O64: =1/(1+EXP(-N64)) -> 0.92098231 | P64: =IF(O64>0.5,1,0) -> 1 | Q64: =O64-G64 -> -0.079017687 | R64: =Q64^2 -> 0.0062437949 | T64: =2*(O64-G64)*(1-O64)*O64 -> -0.011500849 | U64: =2*(O64-G64)*(1-O64)*O64*C64 -> -0.071305265 | V64: =2*(O64-G64)*(1-O64)*O64*D64 -> -0.033352463 | W64: =2*(O64-G64)*(1-O64)*O64*E64 -> -0.049453652 | X64: =2*(O64-G64)*(1-O64)*O64*F64 -> -0.014951104
B65: 19 | C65: 5.1 | D65: 2.5 | E65: 3 | F65: 1.1 | G65: 1 | I65: =I64-K4*T64 -> 0.32918706 | J65: =J64-K4*U64 -> -0.45803932 | K65: =K64-K4*V64 -> -0.16052917 | L65: =L64-K4*W64 -> 1.0505743 | M65: =M64-K4*X64 -> 0.76363954 | N65: =I65+J65*C65+K65*D65+L65*E65+F65*M65 -> 1.5835899 | O65: =1/(1+EXP(-N65)) -> 0.82971233 | P65: =IF(O65>0.5,1,0) -> 1 | Q65: =O65-G65 -> -0.17028767 | R65: =Q65^2 -> 0.028997891 | T65: =2*(O65-G65)*(1-O65)*O65 -> -0.048119815 | U65: =2*(O65-G65)*(1-O65)*O65*C65 -> -0.24541105 | V65: =2*(O65-G65)*(1-O65)*O65*D65 -> -0.12029954 | W65: =2*(O65-G65)*(1-O65)*O65*E65 -> -0.14435944 | X65: =2*(O65-G65)*(1-O65)*O65*F65 -> -0.052931796
B66: 20 | C66: 5.7 | D66: 2.8 | E66: 4.1 | F66: 1.3 | G66: 1 | H66: =SUMPRODUCT(--(P47:P66=G47:G66))/20 -> 0.95 | I66: =I65-K4*T65 -> 0.33399905 | J66: =J65-K4*U65 -> -0.43349822 | K66: =K65-K4*V65 -> -0.14849922 | L66: =L65-K4*W65 -> 1.0650102 | M66: =M65-K4*X65 -> 0.76893272 | N66: =I66+J66*C66+K66*D66+L66*E66+F66*M66 -> 2.8134158 | O66: =1/(1+EXP(-N66)) -> 0.9433965 | P66: =IF(O66>0.5,1,0) -> 1 | Q66: =O66-G66 -> -0.056603503 | R66: =Q66^2 -> 0.0032039566 | S66: =AVERAGE(R47:R66) -> 0.042968768 | T66: =2*(O66-G66)*(1-O66)*O66 -> -0.0060452028 | U66: =2*(O66-G66)*(1-O66)*O66*C66 -> -0.034457656 | V66: =2*(O66-G66)*(1-O66)*O66*D66 -> -0.016926568 | W66: =2*(O66-G66)*(1-O66)*O66*E66 -> -0.024785332 | X66: =2*(O66-G66)*(1-O66)*O66*F66 -> -0.0078587637
A67: epoch 4 | B67: 1 | C67: 5 | D67: 3.5 | E67: 1.3 | F67: 0.3 | G67: 0 | I67: ='SLP-Training'!I324-'SLP-Training'!$K$2*'SLP-Training'!T324 -> 0.33446516 | J67: ='SLP-Training'!J324-'SLP-Training'!$K$2*'SLP-Training'!U324 -> -0.37796404 | K67: ='SLP-Training'!K324-'SLP-Training'!$K$2*'SLP-Training'!V324 -> -0.14880475 | L67: ='SLP-Training'!L324-'SLP-Training'!$K$2*'SLP-Training'!W324 -> 1.1240993 | M67: ='SLP-Training'!M324-'SLP-Training'!$K$2*'SLP-Training'!X324 -> 0.79980446 | N67: =I67+J67*C67+K67*D67+L67*E67+F67*M67 -> -0.37490128 | O67: =1/(1+EXP(-N67)) -> 0.40735723 | P67: =IF(O67>0.5,1,0) -> 0 | Q67: =O67-G67 -> 0.40735723 | R67: =Q67^2 -> 0.16593992 | T67: =2*(O67-G67)*(1-O67)*O67 -> 0.19668618 | U67: =2*(O67-G67)*(1-O67)*O67*C67 -> 0.98343091 | V67: =2*(O67-G67)*(1-O67)*O67*D67 -> 0.68840164 | W67: =2*(O67-G67)*(1-O67)*O67*E67 -> 0.25569204 | X67: =2*(O67-G67)*(1-O67)*O67*F67 -> 0.059005854
B68: 2 | C68: 4.5 | D68: 2.3 | E68: 1.3 | F68: 0.3 | G68: 0 | I68: =I67-K4*T67 -> 0.31479654 | J68: =J67-K4*U67 -> -0.47630713 | K68: =K67-K4*V67 -> -0.21764491 | L68: =L67-K4*W67 -> 1.0985301 | M68: =M67-K4*X67 -> 0.79390388 | N68: =I68+J68*C68+K68*D68+L68*E68+F68*M68 -> -0.6629086 | O68: =1/(1+EXP(-N68)) -> 0.34008654 | P68: =IF(O68>0.5,1,0) -> 0 | Q68: =O68-G68 -> 0.34008654 | R68: =Q68^2 -> 0.11565885 | T68: =2*(O68-G68)*(1-O68)*O68 -> 0.15264967 | U68: =2*(O68-G68)*(1-O68)*O68*C68 -> 0.68692351 | V68: =2*(O68-G68)*(1-O68)*O68*D68 -> 0.35109424 | W68: =2*(O68-G68)*(1-O68)*O68*E68 -> 0.19844457 | X68: =2*(O68-G68)*(1-O68)*O68*F68 -> 0.045794901
B69: 3 | C69: 4.4 | D69: 3.2 | E69: 1.3 | F69: 0.2 | G69: 0 | I69: =I68-K4*T68 -> 0.29953157 | J69: =J68-K4*U68 -> -0.54499948 | K69: =K68-K4*V68 -> -0.25275434 | L69: =L68-K4*W68 -> 1.0786856 | M69: =M68-K4*X68 -> 0.78932439 | N69: =I69+J69*C69+K69*D69+L69*E69+F69*M69 -> -1.3471239 | O69: =1/(1+EXP(-N69)) -> 0.20634098 | P69: =IF(O69>0.5,1,0) -> 0 | Q69: =O69-G69 -> 0.20634098 | R69: =Q69^2 -> 0.042576602 | T69: =2*(O69-G69)*(1-O69)*O69 -> 0.067582608 | U69: =2*(O69-G69)*(1-O69)*O69*C69 -> 0.29736347 | V69: =2*(O69-G69)*(1-O69)*O69*D69 -> 0.21626434 | W69: =2*(O69-G69)*(1-O69)*O69*E69 -> 0.08785739 | X69: =2*(O69-G69)*(1-O69)*O69*F69 -> 0.013516522
B70: 4 | C70: 5 | D70: 3.5 | E70: 1.6 | F70: 0.6 | G70: 0 | I70: =I69-K4*T69 -> 0.29277331 | J70: =J69-K4*U69 -> -0.57473582 | K70: =K69-K4*V69 -> -0.27438077 | L70: =L69-K4*W69 -> 1.0698999 | M70: =M69-K4*X69 -> 0.78797273 | N70: =I70+J70*C70+K70*D70+L70*E70+F70*M70 -> -1.3566151 | O70: =1/(1+EXP(-N70)) -> 0.20479099 | P70: =IF(O70>0.5,1,0) -> 0 | Q70: =O70-G70 -> 0.20479099 | R70: =Q70^2 -> 0.041939349 | T70: =2*(O70-G70)*(1-O70)*O70 -> 0.066701096 | U70: =2*(O70-G70)*(1-O70)*O70*C70 -> 0.33350548 | V70: =2*(O70-G70)*(1-O70)*O70*D70 -> 0.23345384 | W70: =2*(O70-G70)*(1-O70)*O70*E70 -> 0.10672175 | X70: =2*(O70-G70)*(1-O70)*O70*F70 -> 0.040020658
B71: 5 | C71: 5.1 | D71: 3.8 | E71: 1.9 | F71: 0.4 | G71: 0 | I71: =I70-K4*T70 -> 0.2861032 | J71: =J70-K4*U70 -> -0.60808637 | K71: =K70-K4*V70 -> -0.29772616 | L71: =L70-K4*W70 -> 1.0592277 | M71: =M70-K4*X70 -> 0.78397067 | N71: =I71+J71*C71+K71*D71+L71*E71+F71*M71 -> -1.6203758 | O71: =1/(1+EXP(-N71)) -> 0.16515305 | P71: =IF(O71>0.5,1,0) -> 0 | Q71: =O71-G71 -> 0.16515305 | R71: =Q71^2 -> 0.027275528 | T71: =2*(O71-G71)*(1-O71)*O71 -> 0.045541784 | U71: =2*(O71-G71)*(1-O71)*O71*C71 -> 0.2322631 | V71: =2*(O71-G71)*(1-O71)*O71*D71 -> 0.17305878 | W71: =2*(O71-G71)*(1-O71)*O71*E71 -> 0.086529389 | X71: =2*(O71-G71)*(1-O71)*O71*F71 -> 0.018216713
B72: 6 | C72: 4.8 | D72: 3 | E72: 1.4 | F72: 0.3 | G72: 0 | I72: =I71-K4*T71 -> 0.28154902 | J72: =J71-K4*U71 -> -0.63131268 | K72: =K71-K4*V71 -> -0.31503203 | L72: =L71-K4*W71 -> 1.0505747 | M72: =M71-K4*X71 -> 0.782149 | N72: =I72+J72*C72+K72*D72+L72*E72+F72*M72 -> -1.9883986 | O72: =1/(1+EXP(-N72)) -> 0.12042638 | P72: =IF(O72>0.5,1,0) -> 0 | Q72: =O72-G72 -> 0.12042638 | R72: =Q72^2 -> 0.014502514 | T72: =2*(O72-G72)*(1-O72)*O72 -> 0.025512057 | U72: =2*(O72-G72)*(1-O72)*O72*C72 -> 0.12245788 | V72: =2*(O72-G72)*(1-O72)*O72*D72 -> 0.076536172 | W72: =2*(O72-G72)*(1-O72)*O72*E72 -> 0.03571688 | X72: =2*(O72-G72)*(1-O72)*O72*F72 -> 0.0076536172
B73: 7 | C73: 5.1 | D73: 3.8 | E73: 1.6 | F73: 0.2 | G73: 0 | I73: =I72-K4*T72 -> 0.27899782 | J73: =J72-K4*U72 -> -0.64355847 | K73: =K72-K4*V72 -> -0.32268565 | L73: =L72-K4*W72 -> 1.0470031 | M73: =M72-K4*X72 -> 0.78138364 | N73: =I73+J73*C73+K73*D73+L73*E73+F73*M73 -> -2.3978742 | O73: =1/(1+EXP(-N73)) -> 0.08333494 | P73: =IF(O73>0.5,1,0) -> 0 | Q73: =O73-G73 -> 0.08333494 | R73: =Q73^2 -> 0.0069447123 | T73: =2*(O73-G73)*(1-O73)*O73 -> 0.01273195 | U73: =2*(O73-G73)*(1-O73)*O73*C73 -> 0.064932946 | V73: =2*(O73-G73)*(1-O73)*O73*D73 -> 0.048381411 | W73: =2*(O73-G73)*(1-O73)*O73*E73 -> 0.02037112 | X73: =2*(O73-G73)*(1-O73)*O73*F73 -> 0.00254639
B74: 8 | C74: 4.6 | D74: 3.2 | E74: 1.4 | F74: 0.2 | G74: 0 | I74: =I73-K4*T73 -> 0.27772462 | J74: =J73-K4*U73 -> -0.65005176 | K74: =K73-K4*V73 -> -0.32752379 | L74: =L73-K4*W73 -> 1.0449659 | M74: =M73-K4*X73 -> 0.781129 | N74: =I74+J74*C74+K74*D74+L74*E74+F74*M74 -> -2.1414115 | O74: =1/(1+EXP(-N74)) -> 0.10513652 | P74: =IF(O74>0.5,1,0) -> 0 | Q74: =O74-G74 -> 0.10513652 | R74: =Q74^2 -> 0.011053687 | T74: =2*(O74-G74)*(1-O74)*O74 -> 0.019783082 | U74: =2*(O74-G74)*(1-O74)*O74*C74 -> 0.091002177 | V74: =2*(O74-G74)*(1-O74)*O74*D74 -> 0.063305862 | W74: =2*(O74-G74)*(1-O74)*O74*E74 -> 0.027696315 | X74: =2*(O74-G74)*(1-O74)*O74*F74 -> 0.0039566164
B75: 9 | C75: 5.3 | D75: 3.7 | E75: 1.5 | F75: 0.2 | G75: 0 | I75: =I74-K4*T74 -> 0.27574632 | J75: =J74-K4*U74 -> -0.65915198 | K75: =K74-K4*V74 -> -0.33385438 | L75: =L74-K4*W74 -> 1.0421963 | M75: =M74-K4*X74 -> 0.78073333 | N75: =I75+J75*C75+K75*D75+L75*E75+F75*M75 -> -2.7335793 | O75: =1/(1+EXP(-N75)) -> 0.061020759 | P75: =IF(O75>0.5,1,0) -> 0 | Q75: =O75-G75 -> 0.061020759 | R75: =Q75^2 -> 0.003723533 | T75: =2*(O75-G75)*(1-O75)*O75 -> 0.0069926404 | U75: =2*(O75-G75)*(1-O75)*O75*C75 -> 0.037060994 | V75: =2*(O75-G75)*(1-O75)*O75*D75 -> 0.02587277 | W75: =2*(O75-G75)*(1-O75)*O75*E75 -> 0.010488961 | X75: =2*(O75-G75)*(1-O75)*O75*F75 -> 0.0013985281
B76: 10 | C76: 5 | D76: 3.3 | E76: 1.4 | F76: 0.2 | G76: 0 | I76: =I75-K4*T75 -> 0.27504705 | J76: =J75-K4*U75 -> -0.66285808 | K76: =K75-K4*V75 -> -0.33644165 | L76: =L75-K4*W75 -> 1.0411474 | M76: =M75-K4*X75 -> 0.78059348 | N76: =I76+J76*C76+K76*D76+L76*E76+F76*M76 -> -2.5357757 | O76: =1/(1+EXP(-N76)) -> 0.073387915 | P76: =IF(O76>0.5,1,0) -> 0 | Q76: =O76-G76 -> 0.073387915 | R76: =Q76^2 -> 0.005385786 | T76: =2*(O76-G76)*(1-O76)*O76 -> 0.0099810689 | U76: =2*(O76-G76)*(1-O76)*O76*C76 -> 0.049905344 | V76: =2*(O76-G76)*(1-O76)*O76*D76 -> 0.032937527 | W76: =2*(O76-G76)*(1-O76)*O76*E76 -> 0.013973496 | X76: =2*(O76-G76)*(1-O76)*O76*F76 -> 0.0019962138
B77: 11 | C77: 5.5 | D77: 2.6 | E77: 4.4 | F77: 1.2 | G77: 1 | I77: =I76-K4*T76 -> 0.27404894 | J77: =J76-K4*U76 -> -0.66784862 | K77: =K76-K4*V76 -> -0.33973541 | L77: =L76-K4*W76 -> 1.0397501 | M77: =M76-K4*X76 -> 0.78039386 | N77: =I77+J77*C77+K77*D77+L77*E77+F77*M77 -> 1.2289424 | O77: =1/(1+EXP(-N77)) -> 0.77363342 | P77: =IF(O77>0.5,1,0) -> 1 | Q77: =O77-G77 -> -0.22636658 | R77: =Q77^2 -> 0.05124183 | T77: =2*(O77-G77)*(1-O77)*O77 -> -0.079284783 | U77: =2*(O77-G77)*(1-O77)*O77*C77 -> -0.43606631 | V77: =2*(O77-G77)*(1-O77)*O77*D77 -> -0.20614044 | W77: =2*(O77-G77)*(1-O77)*O77*E77 -> -0.34885305 | X77: =2*(O77-G77)*(1-O77)*O77*F77 -> -0.09514174
B78: 12 | C78: 6.1 | D78: 3 | E78: 4.6 | F78: 1.4 | G78: 1 | I78: =I77-K4*T77 -> 0.28197742 | J78: =J77-K4*U77 -> -0.62424199 | K78: =K77-K4*V77 -> -0.31912136 | L78: =L77-K4*W77 -> 1.0746354 | M78: =M77-K4*X77 -> 0.78990803 | N78: =I78+J78*C78+K78*D78+L78*E78+F78*M78 -> 1.5659312 | O78: =1/(1+EXP(-N78)) -> 0.82720279 | P78: =IF(O78>0.5,1,0) -> 1 | Q78: =O78-G78 -> -0.17279721 | R78: =Q78^2 -> 0.029858876 | T78: =2*(O78-G78)*(1-O78)*O78 -> -0.049398691 | U78: =2*(O78-G78)*(1-O78)*O78*C78 -> -0.30133201 | V78: =2*(O78-G78)*(1-O78)*O78*D78 -> -0.14819607 | W78: =2*(O78-G78)*(1-O78)*O78*E78 -> -0.22723398 | X78: =2*(O78-G78)*(1-O78)*O78*F78 -> -0.069158167
B79: 13 | C79: 5.8 | D79: 2.6 | E79: 4 | F79: 1.2 | G79: 1 | I79: =I78-K4*T78 -> 0.28691729 | J79: =J78-K4*U78 -> -0.59410878 | K79: =K78-K4*V78 -> -0.30430176 | L79: =L78-K4*W78 -> 1.0973588 | M79: =M78-K4*X78 -> 0.79682385 | N79: =I79+J79*C79+K79*D79+L79*E79+F79*M79 -> 1.3955255 | O79: =1/(1+EXP(-N79)) -> 0.80147289 | P79: =IF(O79>0.5,1,0) -> 1 | Q79: =O79-G79 -> -0.19852711 | R79: =Q79^2 -> 0.039413014 | T79: =2*(O79-G79)*(1-O79)*O79 -> -0.063176925 | U79: =2*(O79-G79)*(1-O79)*O79*C79 -> -0.36642616 | V79: =2*(O79-G79)*(1-O79)*O79*D79 -> -0.16426 | W79: =2*(O79-G79)*(1-O79)*O79*E79 -> -0.2527077 | X79: =2*(O79-G79)*(1-O79)*O79*F79 -> -0.07581231
B80: 14 | C80: 5 | D80: 2.3 | E80: 3.3 | F80: 1 | G80: 1 | I80: =I79-K4*T79 -> 0.29323498 | J80: =J79-K4*U79 -> -0.55746617 | K80: =K79-K4*V79 -> -0.28787576 | L80: =L79-K4*W79 -> 1.1226295 | M80: =M79-K4*X79 -> 0.80440508 | N80: =I80+J80*C80+K80*D80+L80*E80+F80*M80 -> 1.3528725 | O80: =1/(1+EXP(-N80)) -> 0.79459884 | P80: =IF(O80>0.5,1,0) -> 1 | Q80: =O80-G80 -> -0.20540116 | R80: =Q80^2 -> 0.042189635 | T80: =2*(O80-G80)*(1-O80)*O80 -> -0.06704767 | U80: =2*(O80-G80)*(1-O80)*O80*C80 -> -0.33523835 | V80: =2*(O80-G80)*(1-O80)*O80*D80 -> -0.15420964 | W80: =2*(O80-G80)*(1-O80)*O80*E80 -> -0.22125731 | X80: =2*(O80-G80)*(1-O80)*O80*F80 -> -0.06704767
B81: 15 | C81: 5.6 | D81: 2.7 | E81: 4.2 | F81: 1.3 | G81: 1 | I81: =I80-K4*T80 -> 0.29993975 | J81: =J80-K4*U80 -> -0.52394233 | K81: =K80-K4*V80 -> -0.27245479 | L81: =L80-K4*W80 -> 1.1447553 | M81: =M80-K4*X80 -> 0.81110985 | N81: =I81+J81*C81+K81*D81+L81*E81+F81*M81 -> 2.4926497 | O81: =1/(1+EXP(-N81)) -> 0.92362493 | P81: =IF(O81>0.5,1,0) -> 1 | Q81: =O81-G81 -> -0.076375074 | R81: =Q81^2 -> 0.0058331519 | T81: =2*(O81-G81)*(1-O81)*O81 -> -0.010775289 | U81: =2*(O81-G81)*(1-O81)*O81*C81 -> -0.060341618 | V81: =2*(O81-G81)*(1-O81)*O81*D81 -> -0.02909328 | W81: =2*(O81-G81)*(1-O81)*O81*E81 -> -0.045256214 | X81: =2*(O81-G81)*(1-O81)*O81*F81 -> -0.014007876
B82: 16 | C82: 5.7 | D82: 3 | E82: 4.2 | F82: 1.2 | G82: 1 | I82: =I81-K4*T81 -> 0.30101728 | J82: =J81-K4*U81 -> -0.51790817 | K82: =K81-K4*V81 -> -0.26954546 | L82: =L81-K4*W81 -> 1.1492809 | M82: =M81-K4*X81 -> 0.81251064 | N82: =I82+J82*C82+K82*D82+L82*E82+F82*M82 -> 2.3422968 | O82: =1/(1+EXP(-N82)) -> 0.91231999 | P82: =IF(O82>0.5,1,0) -> 1 | Q82: =O82-G82 -> -0.087680013 | R82: =Q82^2 -> 0.0076877847 | T82: =2*(O82-G82)*(1-O82)*O82 -> -0.014027439 | U82: =2*(O82-G82)*(1-O82)*O82*C82 -> -0.079956404 | V82: =2*(O82-G82)*(1-O82)*O82*D82 -> -0.042082318 | W82: =2*(O82-G82)*(1-O82)*O82*E82 -> -0.058915245 | X82: =2*(O82-G82)*(1-O82)*O82*F82 -> -0.016832927
B83: 17 | C83: 5.7 | D83: 2.9 | E83: 4.2 | F83: 1.3 | G83: 1 | I83: =I82-K4*T82 -> 0.30242002 | J83: =J82-K4*U82 -> -0.50991253 | K83: =K82-K4*V82 -> -0.26533723 | L83: =L82-K4*W82 -> 1.1551724 | M83: =M82-K4*X82 -> 0.81419393 | N83: =I83+J83*C83+K83*D83+L83*E83+F83*M83 -> 2.5366169 | O83: =1/(1+EXP(-N83)) -> 0.92666926 | P83: =IF(O83>0.5,1,0) -> 1 | Q83: =O83-G83 -> -0.073330736 | R83: =Q83^2 -> 0.0053773969 | T83: =2*(O83-G83)*(1-O83)*O83 -> -0.0099661369 | U83: =2*(O83-G83)*(1-O83)*O83*C83 -> -0.05680698 | V83: =2*(O83-G83)*(1-O83)*O83*D83 -> -0.028901797 | W83: =2*(O83-G83)*(1-O83)*O83*E83 -> -0.041857775 | X83: =2*(O83-G83)*(1-O83)*O83*F83 -> -0.012955978
B84: 18 | C84: 6.2 | D84: 2.9 | E84: 4.3 | F84: 1.3 | G84: 1 | I84: =I83-K4*T83 -> 0.30341664 | J84: =J83-K4*U83 -> -0.50423183 | K84: =K83-K4*V83 -> -0.26244705 | L84: =L83-K4*W83 -> 1.1593582 | M84: =M83-K4*X83 -> 0.81548953 | N84: =I84+J84*C84+K84*D84+L84*E84+F84*M84 -> 2.4614594 | O84: =1/(1+EXP(-N84)) -> 0.92139543 | P84: =IF(O84>0.5,1,0) -> 1 | Q84: =O84-G84 -> -0.078604571 | R84: =Q84^2 -> 0.0061786786 | T84: =2*(O84-G84)*(1-O84)*O84 -> -0.011386012 | U84: =2*(O84-G84)*(1-O84)*O84*C84 -> -0.070593277 | V84: =2*(O84-G84)*(1-O84)*O84*D84 -> -0.033019436 | W84: =2*(O84-G84)*(1-O84)*O84*E84 -> -0.048959854 | X84: =2*(O84-G84)*(1-O84)*O84*F84 -> -0.014801816
B85: 19 | C85: 5.1 | D85: 2.5 | E85: 3 | F85: 1.1 | G85: 1 | I85: =I84-K4*T84 -> 0.30455524 | J85: =J84-K4*U84 -> -0.4971725 | K85: =K84-K4*V84 -> -0.25914511 | L85: =L84-K4*W84 -> 1.1642542 | M85: =M84-K4*X84 -> 0.81696971 | N85: =I85+J85*C85+K85*D85+L85*E85+F85*M85 -> 1.5125419 | O85: =1/(1+EXP(-N85)) -> 0.81943761 | P85: =IF(O85>0.5,1,0) -> 1 | Q85: =O85-G85 -> -0.18056239 | R85: =Q85^2 -> 0.032602776 | T85: =2*(O85-G85)*(1-O85)*O85 -> -0.053431882 | U85: =2*(O85-G85)*(1-O85)*O85*C85 -> -0.2725026 | V85: =2*(O85-G85)*(1-O85)*O85*D85 -> -0.1335797 | W85: =2*(O85-G85)*(1-O85)*O85*E85 -> -0.16029565 | X85: =2*(O85-G85)*(1-O85)*O85*F85 -> -0.05877507
B86: 20 | C86: 5.7 | D86: 2.8 | E86: 4.1 | F86: 1.3 | G86: 1 | H86: =SUMPRODUCT(--(P67:P86=G67:G86))/20 -> 1 | I86: =I85-K4*T85 -> 0.30989843 | J86: =J85-K4*U85 -> -0.46992224 | K86: =K85-K4*V85 -> -0.24578714 | L86: =L85-K4*W85 -> 1.1802837 | M86: =M85-K4*X85 -> 0.82284722 | N86: =I86+J86*C86+K86*D86+L86*E86+F86*M86 -> 2.8520024 | O86: =1/(1+EXP(-N86)) -> 0.9454221 | P86: =IF(O86>0.5,1,0) -> 1 | Q86: =O86-G86 -> -0.054577905 | R86: =Q86^2 -> 0.0029787477 | S86: =AVERAGE(R67:R86) -> 0.032918119 | T86: =2*(O86-G86)*(1-O86)*O86 -> -0.0056323477 | U86: =2*(O86-G86)*(1-O86)*O86*C86 -> -0.032104382 | V86: =2*(O86-G86)*(1-O86)*O86*D86 -> -0.015770574 | W86: =2*(O86-G86)*(1-O86)*O86*E86 -> -0.023092626 | X86: =2*(O86-G86)*(1-O86)*O86*F86 -> -0.007322052
A87: epoch 5 | B87: 1 | C87: 5 | D87: 3.5 | E87: 1.3 | F87: 0.3 | G87: 0 | I87: ='SLP-Training'!I404-'SLP-Training'!$K$2*'SLP-Training'!T404 -> 0.31047577 | J87: ='SLP-Training'!J404-'SLP-Training'!$K$2*'SLP-Training'!U404 -> -0.41612292 | K87: ='SLP-Training'!K404-'SLP-Training'!$K$2*'SLP-Training'!V404 -> -0.24620038 | L87: ='SLP-Training'!L404-'SLP-Training'!$K$2*'SLP-Training'!W404 -> 1.2410324 | M87: ='SLP-Training'!M404-'SLP-Training'!$K$2*'SLP-Training'!X404 -> 0.85161228 | N87: =I87+J87*C87+K87*D87+L87*E87+F87*M87 -> -0.76301426 | O87: =1/(1+EXP(-N87)) -> 0.3179922 | P87: =IF(O87>0.5,1,0) -> 0 | Q87: =O87-G87 -> 0.3179922 | R87: =Q87^2 -> 0.10111904 | T87: =2*(O87-G87)*(1-O87)*O87 -> 0.13792794 | U87: =2*(O87-G87)*(1-O87)*O87*C87 -> 0.68963972 | V87: =2*(O87-G87)*(1-O87)*O87*D87 -> 0.4827478 | W87: =2*(O87-G87)*(1-O87)*O87*E87 -> 0.17930633 | X87: =2*(O87-G87)*(1-O87)*O87*F87 -> 0.041378383
B88: 2 | C88: 4.5 | D88: 2.3 | E88: 1.3 | F88: 0.3 | G88: 0 | I88: =I87-K4*T87 -> 0.29668297 | J88: =J87-K4*U87 -> -0.48508689 | K88: =K87-K4*V87 -> -0.29447516 | L88: =L87-K4*W87 -> 1.2231018 | M88: =M87-K4*X87 -> 0.84747444 | N88: =I88+J88*C88+K88*D88+L88*E88+F88*M88 -> -0.71922619 | O88: =1/(1+EXP(-N88)) -> 0.3275634 | P88: =IF(O88>0.5,1,0) -> 0 | Q88: =O88-G88 -> 0.3275634 | R88: =Q88^2 -> 0.10729778 | T88: =2*(O88-G88)*(1-O88)*O88 -> 0.14430191 | U88: =2*(O88-G88)*(1-O88)*O88*C88 -> 0.64935861 | V88: =2*(O88-G88)*(1-O88)*O88*D88 -> 0.3318944 | W88: =2*(O88-G88)*(1-O88)*O88*E88 -> 0.18759249 | X88: =2*(O88-G88)*(1-O88)*O88*F88 -> 0.043290574
B89: 3 | C89: 4.4 | D89: 3.2 | E89: 1.3 | F89: 0.2 | G89: 0 | I89: =I88-K4*T88 -> 0.28225278 | J89: =J88-K4*U88 -> -0.55002275 | K89: =K88-K4*V88 -> -0.3276646 | L89: =L88-K4*W88 -> 1.2043426 | M89: =M88-K4*X88 -> 0.84314538 | N89: =I89+J89*C89+K89*D89+L89*E89+F89*M89 -> -1.4520996 | O89: =1/(1+EXP(-N89)) -> 0.18967864 | P89: =IF(O89>0.5,1,0) -> 0 | Q89: =O89-G89 -> 0.18967864 | R89: =Q89^2 -> 0.035977988 | T89: =2*(O89-G89)*(1-O89)*O89 -> 0.058307464 | U89: =2*(O89-G89)*(1-O89)*O89*C89 -> 0.25655284 | V89: =2*(O89-G89)*(1-O89)*O89*D89 -> 0.18658389 | W89: =2*(O89-G89)*(1-O89)*O89*E89 -> 0.075799704 | X89: =2*(O89-G89)*(1-O89)*O89*F89 -> 0.011661493
B90: 4 | C90: 5 | D90: 3.5 | E90: 1.6 | F90: 0.6 | G90: 0 | I90: =I89-K4*T89 -> 0.27642203 | J90: =J89-K4*U89 -> -0.57567803 | K90: =K89-K4*V89 -> -0.34632298 | L90: =L89-K4*W89 -> 1.1967626 | M90: =M89-K4*X89 -> 0.84197923 | N90: =I90+J90*C90+K90*D90+L90*E90+F90*M90 -> -1.3940909 | O90: =1/(1+EXP(-N90)) -> 0.19875547 | P90: =IF(O90>0.5,1,0) -> 0 | Q90: =O90-G90 -> 0.19875547 | R90: =Q90^2 -> 0.039503738 | T90: =2*(O90-G90)*(1-O90)*O90 -> 0.063304308 | U90: =2*(O90-G90)*(1-O90)*O90*C90 -> 0.31652154 | V90: =2*(O90-G90)*(1-O90)*O90*D90 -> 0.22156508 | W90: =2*(O90-G90)*(1-O90)*O90*E90 -> 0.10128689 | X90: =2*(O90-G90)*(1-O90)*O90*F90 -> 0.037982585
B91: 5 | C91: 5.1 | D91: 3.8 | E91: 1.9 | F91: 0.4 | G91: 0 | I91: =I90-K4*T90 -> 0.2700916 | J91: =J90-K4*U90 -> -0.60733019 | K91: =K90-K4*V90 -> -0.36847949 | L91: =L90-K4*W90 -> 1.1866339 | M91: =M90-K4*X90 -> 0.83818097 | N91: =I91+J91*C91+K91*D91+L91*E91+F91*M91 -> -1.6376376 | O91: =1/(1+EXP(-N91)) -> 0.16278677 | P91: =IF(O91>0.5,1,0) -> 0 | Q91: =O91-G91 -> 0.16278677 | R91: =Q91^2 -> 0.026499532 | T91: =2*(O91-G91)*(1-O91)*O91 -> 0.044371518 | U91: =2*(O91-G91)*(1-O91)*O91*C91 -> 0.22629474 | V91: =2*(O91-G91)*(1-O91)*O91*D91 -> 0.16861177 | W91: =2*(O91-G91)*(1-O91)*O91*E91 -> 0.084305885 | X91: =2*(O91-G91)*(1-O91)*O91*F91 -> 0.017748607
B92: 6 | C92: 4.8 | D92: 3 | E92: 1.4 | F92: 0.3 | G92: 0 | I92: =I91-K4*T91 -> 0.26565445 | J92: =J91-K4*U91 -> -0.62995966 | K92: =K91-K4*V91 -> -0.38534067 | L92: =L91-K4*W91 -> 1.1782033 | M92: =M91-K4*X91 -> 0.83640611 | N92: =I92+J92*C92+K92*D92+L92*E92+F92*M92 -> -2.0137675 | O92: =1/(1+EXP(-N92)) -> 0.11776499 | P92: =IF(O92>0.5,1,0) -> 0 | Q92: =O92-G92 -> 0.11776499 | R92: =Q92^2 -> 0.013868593 | T92: =2*(O92-G92)*(1-O92)*O92 -> 0.024470716 | U92: =2*(O92-G92)*(1-O92)*O92*C92 -> 0.11745944 | V92: =2*(O92-G92)*(1-O92)*O92*D92 -> 0.073412148 | W92: =2*(O92-G92)*(1-O92)*O92*E92 -> 0.034259002 | X92: =2*(O92-G92)*(1-O92)*O92*F92 -> 0.0073412148
B93: 7 | C93: 5.1 | D93: 3.8 | E93: 1.6 | F93: 0.2 | G93: 0 | I93: =I92-K4*T92 -> 0.26320738 | J93: =J92-K4*U92 -> -0.6417056 | K93: =K92-K4*V92 -> -0.39268188 | L93: =L92-K4*W92 -> 1.1747774 | M93: =M92-K4*X92 -> 0.83567199 | N93: =I93+J93*C93+K93*D93+L93*E93+F93*M93 -> -2.4549041 | O93: =1/(1+EXP(-N93)) -> 0.079080661 | P93: =IF(O93>0.5,1,0) -> 0 | Q93: =O93-G93 -> 0.079080661 | R93: =Q93^2 -> 0.0062537509 | T93: =2*(O93-G93)*(1-O93)*O93 -> 0.0115184 | U93: =2*(O93-G93)*(1-O93)*O93*C93 -> 0.058743842 | V93: =2*(O93-G93)*(1-O93)*O93*D93 -> 0.043769921 | W93: =2*(O93-G93)*(1-O93)*O93*E93 -> 0.018429441 | X93: =2*(O93-G93)*(1-O93)*O93*F93 -> 0.0023036801
B94: 8 | C94: 4.6 | D94: 3.2 | E94: 1.4 | F94: 0.2 | G94: 0 | I94: =I93-K4*T93 -> 0.26205554 | J94: =J93-K4*U93 -> -0.64757999 | K94: =K93-K4*V93 -> -0.39705888 | L94: =L93-K4*W93 -> 1.1729345 | M94: =M93-K4*X93 -> 0.83544162 | N94: =I94+J94*C94+K94*D94+L94*E94+F94*M94 -> -2.1782042 | O94: =1/(1+EXP(-N94)) -> 0.1017249 | P94: =IF(O94>0.5,1,0) -> 0 | Q94: =O94-G94 -> 0.1017249 | R94: =Q94^2 -> 0.010347956 | T94: =2*(O94-G94)*(1-O94)*O94 -> 0.018590622 | U94: =2*(O94-G94)*(1-O94)*O94*C94 -> 0.085516862 | V94: =2*(O94-G94)*(1-O94)*O94*D94 -> 0.059489991 | W94: =2*(O94-G94)*(1-O94)*O94*E94 -> 0.026026871 | X94: =2*(O94-G94)*(1-O94)*O94*F94 -> 0.0037181244
B95: 9 | C95: 5.3 | D95: 3.7 | E95: 1.5 | F95: 0.2 | G95: 0 | I95: =I94-K4*T94 -> 0.26019648 | J95: =J94-K4*U94 -> -0.65613168 | K95: =K94-K4*V94 -> -0.40300787 | L95: =L94-K4*W94 -> 1.1703318 | M95: =M94-K4*X94 -> 0.83506981 | N95: =I95+J95*C95+K95*D95+L95*E95+F95*M95 -> -2.7859189 | O95: =1/(1+EXP(-N95)) -> 0.058089852 | P95: =IF(O95>0.5,1,0) -> 0 | Q95: =O95-G95 -> 0.058089852 | R95: =Q95^2 -> 0.0033744309 | T95: =2*(O95-G95)*(1-O95)*O95 -> 0.0063568215 | U95: =2*(O95-G95)*(1-O95)*O95*C95 -> 0.033691154 | V95: =2*(O95-G95)*(1-O95)*O95*D95 -> 0.023520239 | W95: =2*(O95-G95)*(1-O95)*O95*E95 -> 0.0095352322 | X95: =2*(O95-G95)*(1-O95)*O95*F95 -> 0.0012713643
B96: 10 | C96: 5 | D96: 3.3 | E96: 1.4 | F96: 0.2 | G96: 0 | I96: =I95-K4*T95 -> 0.25956079 | J96: =J95-K4*U95 -> -0.65950079 | K96: =K95-K4*V95 -> -0.4053599 | L96: =L95-K4*W95 -> 1.1693783 | M96: =M95-K4*X95 -> 0.83494267 | N96: =I96+J96*C96+K96*D96+L96*E96+F96*M96 -> -2.5715127 | O96: =1/(1+EXP(-N96)) -> 0.070994469 | P96: =IF(O96>0.5,1,0) -> 0 | Q96: =O96-G96 -> 0.070994469 | R96: =Q96^2 -> 0.0050402146 | T96: =2*(O96-G96)*(1-O96)*O96 -> 0.0093647745 | U96: =2*(O96-G96)*(1-O96)*O96*C96 -> 0.046823873 | V96: =2*(O96-G96)*(1-O96)*O96*D96 -> 0.030903756 | W96: =2*(O96-G96)*(1-O96)*O96*E96 -> 0.013110684 | X96: =2*(O96-G96)*(1-O96)*O96*F96 -> 0.0018729549
B97: 11 | C97: 5.5 | D97: 2.6 | E97: 4.4 | F97: 1.2 | G97: 1 | I97: =I96-K4*T96 -> 0.25862432 | J97: =J96-K4*U96 -> -0.66418318 | K97: =K96-K4*V96 -> -0.40845027 | L97: =L96-K4*W96 -> 1.1680672 | M97: =M96-K4*X96 -> 0.83475538 | N97: =I97+J97*C97+K97*D97+L97*E97+F97*M97 -> 1.6848482 | O97: =1/(1+EXP(-N97)) -> 0.84354545 | P97: =IF(O97>0.5,1,0) -> 1 | Q97: =O97-G97 -> -0.15645455 | R97: =Q97^2 -> 0.024478026 | T97: =2*(O97-G97)*(1-O97)*O97 -> -0.041296655 | U97: =2*(O97-G97)*(1-O97)*O97*C97 -> -0.2271316 | V97: =2*(O97-G97)*(1-O97)*O97*D97 -> -0.1073713 | W97: =2*(O97-G97)*(1-O97)*O97*E97 -> -0.18170528 | X97: =2*(O97-G97)*(1-O97)*O97*F97 -> -0.049555986
B98: 12 | C98: 6.1 | D98: 3 | E98: 4.6 | F98: 1.4 | G98: 1 | I98: =I97-K4*T97 -> 0.26275398 | J98: =J97-K4*U97 -> -0.64147002 | K98: =K97-K4*V97 -> -0.39771314 | L98: =L97-K4*W97 -> 1.1862377 | M98: =M97-K4*X97 -> 0.83971098 | N98: =I98+J98*C98+K98*D98+L98*E98+F98*M98 -> 1.7889363 | O98: =1/(1+EXP(-N98)) -> 0.85679682 | P98: =IF(O98>0.5,1,0) -> 1 | Q98: =O98-G98 -> -0.14320318 | R98: =Q98^2 -> 0.020507151 | T98: =2*(O98-G98)*(1-O98)*O98 -> -0.035140924 | U98: =2*(O98-G98)*(1-O98)*O98*C98 -> -0.21435963 | V98: =2*(O98-G98)*(1-O98)*O98*D98 -> -0.10542277 | W98: =2*(O98-G98)*(1-O98)*O98*E98 -> -0.16164825 | X98: =2*(O98-G98)*(1-O98)*O98*F98 -> -0.049197293
B99: 13 | C99: 5.8 | D99: 2.6 | E99: 4 | F99: 1.2 | G99: 1 | I99: =I98-K4*T98 -> 0.26626808 | J99: =J98-K4*U98 -> -0.62003405 | K99: =K98-K4*V98 -> -0.38717087 | L99: =L98-K4*W98 -> 1.2024025 | M99: =M98-K4*X98 -> 0.84463071 | N99: =I99+J99*C99+K99*D99+L99*E99+F99*M99 -> 1.4865933 | O99: =1/(1+EXP(-N99)) -> 0.8155664 | P99: =IF(O99>0.5,1,0) -> 1 | Q99: =O99-G99 -> -0.1844336 | R99: =Q99^2 -> 0.034015752 | T99: =2*(O99-G99)*(1-O99)*O99 -> -0.055484209 | U99: =2*(O99-G99)*(1-O99)*O99*C99 -> -0.32180841 | V99: =2*(O99-G99)*(1-O99)*O99*D99 -> -0.14425894 | W99: =2*(O99-G99)*(1-O99)*O99*E99 -> -0.22193684 | X99: =2*(O99-G99)*(1-O99)*O99*F99 -> -0.066581051
B100: 14 | C100: 5 | D100: 2.3 | E100: 3.3 | F100: 1 | G100: 1 | I100: =I99-K4*T99 -> 0.2718165 | J100: =J99-K4*U99 -> -0.58785321 | K100: =K99-K4*V99 -> -0.37274497 | L100: =L99-K4*W99 -> 1.2245962 | M100: =M99-K4*X99 -> 0.85128881 | N100: =I100+J100*C100+K100*D100+L100*E100+F100*M100 -> 1.3676934 | O100: =1/(1+EXP(-N100)) -> 0.79700723 | P100: =IF(O100>0.5,1,0) -> 1 | Q100: =O100-G100 -> -0.20299277 | R100: =Q100^2 -> 0.041206066 | T100: =2*(O100-G100)*(1-O100)*O100 -> -0.065683065 | U100: =2*(O100-G100)*(1-O100)*O100*C100 -> -0.32841532 | V100: =2*(O100-G100)*(1-O100)*O100*D100 -> -0.15107105 | W100: =2*(O100-G100)*(1-O100)*O100*E100 -> -0.21675411 | X100: =2*(O100-G100)*(1-O100)*O100*F100 -> -0.065683065
B101: 15 | C101: 5.6 | D101: 2.7 | E101: 4.2 | F101: 1.3 | G101: 1 | I101: =I100-K4*T100 -> 0.2783848 | J101: =J100-K4*U100 -> -0.55501168 | K101: =K100-K4*V100 -> -0.35763787 | L101: =L100-K4*W100 -> 1.2462716 | M101: =M100-K4*X100 -> 0.85785712 | N101: =I101+J101*C101+K101*D101+L101*E101+F101*M101 -> 2.5542523 | O101: =1/(1+EXP(-N101)) -> 0.92785867 | P101: =IF(O101>0.5,1,0) -> 1 | Q101: =O101-G101 -> -0.072141331 | R101: =Q101^2 -> 0.0052043716 | T101: =2*(O101-G101)*(1-O101)*O101 -> -0.0096578427 | U101: =2*(O101-G101)*(1-O101)*O101*C101 -> -0.054083919 | V101: =2*(O101-G101)*(1-O101)*O101*D101 -> -0.026076175 | W101: =2*(O101-G101)*(1-O101)*O101*E101 -> -0.040562939 | X101: =2*(O101-G101)*(1-O101)*O101*F101 -> -0.012555195
...
